pokemon,hp,att,defs,spatt,spdef,spe,type,types,evo_stage,r,g,b,color
bulbasaur,45,49,49,65,65,45,Grass,"['Grass', 'Poison']",1,98,153,119,"rgb(98, 153, 119)"
ivysaur,60,62,63,80,80,60,Grass,"['Grass', 'Poison']",2,95,133,133,"rgb(95, 133, 133)"
venusaur,80,82,83,100,100,80,Grass,"['Grass', 'Poison']",3,98,113,107,"rgb(98, 113, 107)"
charmander,39,52,43,60,50,65,Fire,['Fire'],1,188,138,97,"rgb(188, 138, 97)"
charmeleon,58,64,58,80,65,80,Fire,['Fire'],2,191,102,84,"rgb(191, 102, 84)"
charizard,78,84,78,109,85,100,Fire,"['Fire', 'Flying', 'Dragon']",3,146,130,96,"rgb(146, 130, 96)"
squirtle,44,48,65,50,64,43,Water,['Water'],1,110,151,164,"rgb(110, 151, 164)"
wartortle,59,63,80,65,80,58,Water,['Water'],2,85,106,138,"rgb(85, 106, 138)"
blastoise,79,83,100,85,105,78,Water,['Water'],3,110,109,115,"rgb(110, 109, 115)"
caterpie,45,30,35,20,20,45,Bug,['Bug'],1,141,152,90,"rgb(141, 152, 90)"
metapod,50,20,55,25,25,30,Bug,['Bug'],2,127,170,72,"rgb(127, 170, 72)"
butterfree,60,45,50,90,80,70,Flying,"['Flying', 'Bug']",3,66,57,67,"rgb(66, 57, 67)"
weedle,40,35,30,20,20,50,Bug,"['Bug', 'Poison']",1,172,132,95,"rgb(172, 132, 95)"
kakuna,45,25,50,25,25,35,Bug,"['Bug', 'Poison']",2,185,164,83,"rgb(185, 164, 83)"
beedrill,65,90,40,45,80,75,Bug,"['Bug', 'Poison']",3,141,127,94,"rgb(141, 127, 94)"
pidgey,40,45,40,35,35,56,Normal,"['Normal', 'Flying']",1,139,109,71,"rgb(139, 109, 71)"
pidgeotto,63,60,55,50,50,71,Normal,"['Normal', 'Flying']",2,174,146,112,"rgb(174, 146, 112)"
pidgeot,83,80,75,70,70,101,Normal,"['Normal', 'Flying']",3,149,104,74,"rgb(149, 104, 74)"
rattata,30,56,35,25,35,72,Normal,"['Normal', 'Dark']",1,133,107,143,"rgb(133, 107, 143)"
raticate,55,81,60,50,70,97,Normal,"['Normal', 'Dark']",2,147,115,69,"rgb(147, 115, 69)"
spearow,40,60,30,31,31,70,Normal,"['Normal', 'Flying']",1,153,94,80,"rgb(153, 94, 80)"
fearow,65,90,65,61,61,100,Normal,"['Normal', 'Flying']",2,154,111,75,"rgb(154, 111, 75)"
ekans,35,60,44,40,54,55,Poison,['Poison'],1,130,93,119,"rgb(130, 93, 119)"
arbok,60,95,69,65,79,80,Poison,['Poison'],2,114,102,118,"rgb(114, 102, 118)"
pikachu,35,55,40,50,50,90,Electric,['Electric'],2,211,191,114,"rgb(211, 191, 114)"
raichu,60,90,55,90,80,110,Electric,"['Electric', 'Psychic']",3,190,156,85,"rgb(190, 156, 85)"
sandshrew,50,75,85,20,30,40,Ground,"['Ground', 'Steel', 'Ice']",1,168,150,88,"rgb(168, 150, 88)"
sandslash,75,100,110,45,55,65,Ground,"['Ground', 'Steel', 'Ice']",2,146,117,59,"rgb(146, 117, 59)"
nidoran-f,55,47,52,40,40,41,Poison,['Poison'],1,65,80,102,"rgb(65, 80, 102)"
nidorina,70,62,67,55,55,56,Poison,['Poison'],2,113,141,156,"rgb(113, 141, 156)"
nidoqueen,90,92,87,75,85,76,Ground,"['Ground', 'Poison']",3,101,121,139,"rgb(101, 121, 139)"
nidoran-m,46,57,40,40,40,50,Poison,['Poison'],1,115,90,123,"rgb(115, 90, 123)"
nidorino,61,72,57,55,55,65,Poison,['Poison'],2,136,107,138,"rgb(136, 107, 138)"
nidoking,81,102,77,85,75,85,Ground,"['Ground', 'Poison']",3,124,94,116,"rgb(124, 94, 116)"
clefairy,70,45,48,60,65,35,Fairy,['Fairy'],2,78,65,61,"rgb(78, 65, 61)"
clefable,95,70,73,95,90,60,Fairy,['Fairy'],3,112,91,92,"rgb(112, 91, 92)"
vulpix,38,41,40,50,65,65,Fire,"['Fire', 'Ice']",1,176,110,74,"rgb(176, 110, 74)"
ninetales,73,76,75,81,100,100,Fire,"['Fire', 'Fairy', 'Ice']",2,207,198,131,"rgb(207, 198, 131)"
jigglypuff,115,45,20,45,25,20,Normal,"['Normal', 'Fairy']",2,40,69,81,"rgb(40, 69, 81)"
wigglytuff,140,70,45,85,50,45,Normal,"['Normal', 'Fairy']",3,64,71,75,"rgb(64, 71, 75)"
zubat,40,45,35,30,40,55,Flying,"['Flying', 'Poison']",1,117,102,137,"rgb(117, 102, 137)"
golbat,75,80,70,65,75,90,Flying,"['Flying', 'Poison']",2,104,82,121,"rgb(104, 82, 121)"
oddish,45,50,55,75,65,30,Grass,"['Grass', 'Poison']",1,88,142,100,"rgb(88, 142, 100)"
gloom,60,65,70,85,75,40,Grass,"['Grass', 'Poison']",2,120,91,90,"rgb(120, 91, 90)"
vileplume,75,80,85,110,90,50,Grass,"['Grass', 'Poison']",3,156,98,115,"rgb(156, 98, 115)"
paras,35,70,55,45,55,25,Grass,"['Grass', 'Bug']",1,181,118,78,"rgb(181, 118, 78)"
parasect,60,95,80,60,80,30,Grass,"['Grass', 'Bug']",2,177,114,91,"rgb(177, 114, 91)"
venonat,60,55,50,40,55,45,Bug,"['Bug', 'Poison']",1,107,83,128,"rgb(107, 83, 128)"
venomoth,70,65,60,90,75,90,Bug,"['Bug', 'Poison']",2,107,96,110,"rgb(107, 96, 110)"
diglett,10,55,25,35,45,95,Ground,"['Ground', 'Steel']",1,155,135,125,"rgb(155, 135, 125)"
dugtrio,35,100,50,50,70,120,Ground,"['Ground', 'Steel']",2,135,114,98,"rgb(135, 114, 98)"
meowth,40,45,35,40,40,90,Normal,"['Normal', 'Dark']",1,126,107,82,"rgb(126, 107, 82)"
persian,65,70,60,65,65,115,Normal,"['Normal', 'Dark']",2,165,152,122,"rgb(165, 152, 122)"
psyduck,50,52,48,65,50,55,Water,['Water'],1,203,175,109,"rgb(203, 175, 109)"
golduck,80,82,78,95,80,85,Water,['Water'],2,95,129,167,"rgb(95, 129, 167)"
mankey,40,80,35,35,45,70,Fighting,['Fighting'],1,136,114,97,"rgb(136, 114, 97)"
primeape,65,105,60,60,70,95,Fighting,['Fighting'],2,137,114,99,"rgb(137, 114, 99)"
growlithe,55,70,45,70,50,60,Fire,['Fire'],1,162,129,94,"rgb(162, 129, 94)"
arcanine,90,110,80,100,80,95,Fire,['Fire'],2,156,124,99,"rgb(156, 124, 99)"
poliwag,40,50,40,40,40,90,Water,['Water'],1,72,90,122,"rgb(72, 90, 122)"
poliwhirl,65,65,65,50,50,90,Water,['Water'],2,67,86,120,"rgb(67, 86, 120)"
poliwrath,90,95,95,70,90,70,Fighting,"['Fighting', 'Water']",3,73,95,132,"rgb(73, 95, 132)"
abra,25,20,15,105,55,90,Psychic,['Psychic'],1,183,166,72,"rgb(183, 166, 72)"
kadabra,40,35,30,120,70,105,Psychic,['Psychic'],2,168,150,66,"rgb(168, 150, 66)"
alakazam,55,50,45,135,95,120,Psychic,['Psychic'],3,151,134,69,"rgb(151, 134, 69)"
machop,70,80,50,35,35,35,Fighting,['Fighting'],1,142,159,165,"rgb(142, 159, 165)"
machoke,80,100,70,50,60,45,Fighting,['Fighting'],2,138,136,157,"rgb(138, 136, 157)"
machamp,90,130,80,65,85,55,Fighting,['Fighting'],3,125,134,146,"rgb(125, 134, 146)"
bellsprout,50,75,35,70,30,40,Grass,"['Grass', 'Poison']",1,151,171,103,"rgb(151, 171, 103)"
weepinbell,65,90,50,85,45,55,Grass,"['Grass', 'Poison']",2,144,164,94,"rgb(144, 164, 94)"
victreebel,80,105,65,100,70,70,Grass,"['Grass', 'Poison']",3,125,152,85,"rgb(125, 152, 85)"
tentacool,40,40,35,50,100,70,Poison,"['Poison', 'Water']",1,96,96,114,"rgb(96, 96, 114)"
tentacruel,80,70,65,80,120,100,Poison,"['Poison', 'Water']",2,112,113,129,"rgb(112, 113, 129)"
geodude,40,80,100,30,30,20,Ground,"['Ground', 'Electric', 'Rock']",1,130,125,119,"rgb(130, 125, 119)"
graveler,55,95,115,45,45,35,Ground,"['Ground', 'Electric', 'Rock']",2,126,127,118,"rgb(126, 127, 118)"
golem,80,120,130,55,65,45,Ground,"['Ground', 'Electric', 'Rock']",3,100,93,89,"rgb(100, 93, 89)"
ponyta,50,85,55,65,65,90,Fire,['Fire'],1,193,118,48,"rgb(193, 118, 48)"
rapidash,65,100,70,80,80,105,Fire,['Fire'],2,189,119,73,"rgb(189, 119, 73)"
slowpoke,90,65,65,40,40,15,Water,"['Water', 'Psychic']",1,195,143,156,"rgb(195, 143, 156)"
slowbro,95,75,110,100,80,30,Water,"['Water', 'Psychic']",2,168,134,141,"rgb(168, 134, 141)"
magnemite,25,35,70,95,55,45,Steel,"['Steel', 'Electric']",1,109,107,111,"rgb(109, 107, 111)"
magneton,50,60,95,120,70,70,Steel,"['Steel', 'Electric']",2,110,112,116,"rgb(110, 112, 116)"
farfetchd,52,90,55,58,62,60,Normal,"['Normal', 'Flying']",1,143,130,108,"rgb(143, 130, 108)"
doduo,35,85,45,35,35,75,Normal,"['Normal', 'Flying']",1,158,125,96,"rgb(158, 125, 96)"
dodrio,60,110,70,60,60,110,Normal,"['Normal', 'Flying']",2,139,110,93,"rgb(139, 110, 93)"
seel,65,45,55,45,70,45,Water,['Water'],1,112,113,116,"rgb(112, 113, 116)"
dewgong,90,70,80,70,95,70,Water,"['Water', 'Ice']",2,82,83,85,"rgb(82, 83, 85)"
grimer,80,80,50,40,50,25,Poison,"['Poison', 'Dark']",1,123,101,130,"rgb(123, 101, 130)"
muk,105,105,75,65,100,50,Poison,"['Poison', 'Dark']",2,118,104,122,"rgb(118, 104, 122)"
shellder,30,65,100,45,25,40,Water,['Water'],1,77,68,96,"rgb(77, 68, 96)"
cloyster,50,95,180,85,45,70,Water,"['Water', 'Ice']",2,98,90,112,"rgb(98, 90, 112)"
gastly,30,35,30,100,35,80,Poison,"['Poison', 'Ghost']",1,92,74,95,"rgb(92, 74, 95)"
haunter,45,50,45,115,55,95,Poison,"['Poison', 'Ghost']",2,102,89,108,"rgb(102, 89, 108)"
gengar,60,65,60,130,75,110,Poison,"['Poison', 'Ghost']",3,106,96,131,"rgb(106, 96, 131)"
onix,35,45,160,30,45,70,Ground,"['Ground', 'Rock']",1,92,87,94,"rgb(92, 87, 94)"
drowzee,60,48,45,43,90,42,Psychic,['Psychic'],1,157,136,65,"rgb(157, 136, 65)"
hypno,85,73,70,73,115,67,Psychic,['Psychic'],2,198,178,63,"rgb(198, 178, 63)"
krabby,30,105,90,25,25,50,Water,['Water'],1,161,109,77,"rgb(161, 109, 77)"
kingler,55,130,115,50,50,75,Water,['Water'],2,158,104,73,"rgb(158, 104, 73)"
voltorb,40,30,50,55,55,100,Electric,['Electric'],1,174,127,127,"rgb(174, 127, 127)"
electrode,60,50,70,80,80,150,Electric,['Electric'],2,134,93,102,"rgb(134, 93, 102)"
exeggcute,60,40,80,60,45,40,Grass,"['Grass', 'Psychic']",1,58,52,51,"rgb(58, 52, 51)"
exeggutor,95,95,85,125,75,55,Grass,"['Grass', 'Dragon', 'Psychic']",2,109,136,96,"rgb(109, 136, 96)"
cubone,50,50,95,40,50,35,Ground,['Ground'],1,141,127,100,"rgb(141, 127, 100)"
marowak,60,80,110,50,80,45,Ground,"['Ground', 'Fire', 'Ghost']",2,141,120,93,"rgb(141, 120, 93)"
hitmonlee,50,120,53,35,110,87,Fighting,['Fighting'],2,155,142,136,"rgb(155, 142, 136)"
hitmonchan,50,105,79,35,110,76,Fighting,['Fighting'],3,149,123,115,"rgb(149, 123, 115)"
lickitung,90,55,75,60,75,30,Normal,['Normal'],1,159,119,122,"rgb(159, 119, 122)"
koffing,40,65,95,60,45,35,Poison,['Poison'],1,137,128,131,"rgb(137, 128, 131)"
weezing,65,90,120,85,70,60,Poison,['Poison'],2,132,119,129,"rgb(132, 119, 129)"
rhyhorn,80,85,95,30,30,25,Ground,"['Ground', 'Rock']",1,106,112,120,"rgb(106, 112, 120)"
rhydon,105,130,120,45,45,40,Ground,"['Ground', 'Rock']",2,123,125,135,"rgb(123, 125, 135)"
chansey,250,5,5,35,105,50,Normal,['Normal'],2,177,136,149,"rgb(177, 136, 149)"
tangela,65,55,115,100,40,60,Grass,['Grass'],1,86,96,115,"rgb(86, 96, 115)"
kangaskhan,105,95,80,40,80,90,Normal,['Normal'],1,149,130,114,"rgb(149, 130, 114)"
horsea,30,40,70,70,25,60,Water,['Water'],1,115,165,189,"rgb(115, 165, 189)"
seadra,55,65,95,95,45,85,Water,['Water'],2,115,161,180,"rgb(115, 161, 180)"
goldeen,45,67,60,35,50,63,Water,['Water'],1,146,99,93,"rgb(146, 99, 93)"
seaking,80,92,65,65,80,68,Water,['Water'],2,119,69,58,"rgb(119, 69, 58)"
staryu,30,45,55,70,55,85,Water,['Water'],1,141,118,79,"rgb(141, 118, 79)"
starmie,60,75,85,100,85,115,Water,"['Water', 'Psychic']",2,111,97,106,"rgb(111, 97, 106)"
mr-mime,40,45,65,100,120,90,Fairy,"['Fairy', 'Psychic']",2,110,85,106,"rgb(110, 85, 106)"
scyther,70,110,80,55,80,105,Flying,"['Flying', 'Bug']",1,120,152,103,"rgb(120, 152, 103)"
jynx,65,50,35,115,95,95,Psychic,"['Psychic', 'Ice']",2,166,106,109,"rgb(166, 106, 109)"
electabuzz,65,83,57,95,85,105,Electric,['Electric'],2,98,91,64,"rgb(98, 91, 64)"
magmar,65,95,57,100,85,93,Fire,['Fire'],2,174,117,64,"rgb(174, 117, 64)"
pinsir,65,125,100,55,70,85,Flying,"['Flying', 'Bug']",1,115,103,101,"rgb(115, 103, 101)"
tauros,75,100,95,40,70,110,Normal,['Normal'],1,136,111,83,"rgb(136, 111, 83)"
magikarp,20,10,55,15,20,80,Water,['Water'],1,175,102,70,"rgb(175, 102, 70)"
gyarados,95,125,79,60,100,81,Flying,"['Flying', 'Water', 'Dark']",2,98,122,133,"rgb(98, 122, 133)"
lapras,130,85,80,85,95,60,Water,"['Water', 'Ice']",1,113,148,173,"rgb(113, 148, 173)"
ditto,48,48,48,48,48,48,Normal,['Normal'],1,55,48,53,"rgb(55, 48, 53)"
eevee,55,55,50,45,65,55,Normal,['Normal'],1,141,107,75,"rgb(141, 107, 75)"
vaporeon,130,65,60,110,95,65,Water,['Water'],2,95,141,156,"rgb(95, 141, 156)"
jolteon,65,65,60,110,95,130,Electric,['Electric'],3,189,165,79,"rgb(189, 165, 79)"
flareon,65,130,60,95,110,65,Fire,['Fire'],4,174,124,76,"rgb(174, 124, 76)"
porygon,65,60,70,85,75,40,Normal,['Normal'],1,101,91,100,"rgb(101, 91, 100)"
omanyte,35,40,100,90,55,35,Rock,"['Rock', 'Water']",1,89,114,114,"rgb(89, 114, 114)"
omastar,70,60,125,115,70,55,Rock,"['Rock', 'Water']",2,69,89,94,"rgb(69, 89, 94)"
kabuto,30,80,90,55,45,55,Rock,"['Rock', 'Water']",1,17,17,21,"rgb(17, 17, 21)"
kabutops,60,115,105,65,70,80,Rock,"['Rock', 'Water']",2,120,93,67,"rgb(120, 93, 67)"
aerodactyl,80,105,65,60,75,130,Flying,"['Flying', 'Rock']",1,131,116,137,"rgb(131, 116, 137)"
snorlax,160,110,65,65,110,30,Normal,['Normal'],2,68,103,118,"rgb(68, 103, 118)"
articuno,90,85,100,95,125,85,Flying,"['Flying', 'Ice']",1,92,145,176,"rgb(92, 145, 176)"
zapdos,90,90,85,125,90,100,Flying,"['Flying', 'Electric']",1,184,159,106,"rgb(184, 159, 106)"
moltres,90,100,90,125,85,90,Fire,"['Fire', 'Flying']",1,221,162,113,"rgb(221, 162, 113)"
dratini,41,64,45,50,50,50,Dragon,['Dragon'],1,135,144,169,"rgb(135, 144, 169)"
dragonair,61,84,65,70,70,70,Dragon,['Dragon'],2,114,146,180,"rgb(114, 146, 180)"
dragonite,91,134,95,100,100,80,Flying,"['Flying', 'Dragon']",3,174,149,91,"rgb(174, 149, 91)"
mewtwo,106,110,90,154,90,130,Fighting,"['Fighting', 'Psychic']",1,156,140,156,"rgb(156, 140, 156)"
mew,100,100,100,100,100,100,Psychic,['Psychic'],1,152,124,139,"rgb(152, 124, 139)"
chikorita,45,49,65,49,65,45,Grass,['Grass'],1,147,167,114,"rgb(147, 167, 114)"
bayleef,60,62,80,63,80,60,Grass,['Grass'],2,165,162,116,"rgb(165, 162, 116)"
meganium,80,82,100,83,100,80,Grass,['Grass'],3,187,159,123,"rgb(187, 159, 123)"
cyndaquil,39,52,43,60,50,65,Fire,['Fire'],1,166,133,95,"rgb(166, 133, 95)"
quilava,58,64,58,80,65,80,Fire,['Fire'],2,179,138,87,"rgb(179, 138, 87)"
typhlosion,78,84,78,109,85,100,Fire,['Fire'],3,196,161,101,"rgb(196, 161, 101)"
totodile,50,65,64,44,48,43,Water,['Water'],1,103,133,137,"rgb(103, 133, 137)"
croconaw,65,80,80,59,63,58,Water,['Water'],2,132,147,146,"rgb(132, 147, 146)"
feraligatr,85,105,100,79,83,78,Water,['Water'],3,127,157,169,"rgb(127, 157, 169)"
sentret,35,46,34,35,45,20,Normal,['Normal'],1,154,120,103,"rgb(154, 120, 103)"
furret,85,76,64,45,55,90,Normal,['Normal'],2,126,96,79,"rgb(126, 96, 79)"
hoothoot,60,30,30,36,56,50,Normal,"['Normal', 'Flying']",1,141,113,93,"rgb(141, 113, 93)"
noctowl,100,50,50,86,96,70,Normal,"['Normal', 'Flying']",2,124,99,83,"rgb(124, 99, 83)"
ledyba,40,20,30,40,80,55,Flying,"['Flying', 'Bug']",1,118,84,66,"rgb(118, 84, 66)"
ledian,55,35,50,55,110,85,Flying,"['Flying', 'Bug']",2,130,75,80,"rgb(130, 75, 80)"
spinarak,40,60,40,40,40,30,Bug,"['Bug', 'Poison']",1,142,148,101,"rgb(142, 148, 101)"
ariados,70,90,70,60,70,40,Bug,"['Bug', 'Poison']",2,134,85,89,"rgb(134, 85, 89)"
crobat,85,90,80,70,80,130,Flying,"['Flying', 'Poison']",3,113,115,140,"rgb(113, 115, 140)"
chinchou,75,38,38,56,56,67,Electric,"['Electric', 'Water']",1,111,121,149,"rgb(111, 121, 149)"
lanturn,125,58,58,76,76,67,Electric,"['Electric', 'Water']",2,126,132,158,"rgb(126, 132, 158)"
pichu,20,40,15,35,35,60,Electric,['Electric'],1,24,36,41,"rgb(24, 36, 41)"
cleffa,50,25,28,45,55,15,Fairy,['Fairy'],1,94,74,55,"rgb(94, 74, 55)"
igglybuff,90,30,15,40,20,15,Normal,"['Normal', 'Fairy']",1,82,55,56,"rgb(82, 55, 56)"
togepi,35,20,65,40,65,20,Fairy,['Fairy'],1,87,81,80,"rgb(87, 81, 80)"
togetic,55,40,85,80,105,40,Flying,"['Flying', 'Fairy']",2,109,98,94,"rgb(109, 98, 94)"
natu,40,50,45,70,45,70,Flying,"['Flying', 'Psychic']",1,145,131,66,"rgb(145, 131, 66)"
xatu,65,75,70,95,70,95,Flying,"['Flying', 'Psychic']",2,142,116,70,"rgb(142, 116, 70)"
mareep,55,40,40,65,45,35,Electric,['Electric'],1,81,96,103,"rgb(81, 96, 103)"
flaaffy,70,55,55,80,60,45,Electric,['Electric'],2,148,114,123,"rgb(148, 114, 123)"
ampharos,90,75,85,115,90,55,Dragon,"['Dragon', 'Electric']",3,198,168,82,"rgb(198, 168, 82)"
bellossom,75,80,95,90,100,50,Grass,['Grass'],4,156,140,92,"rgb(156, 140, 92)"
marill,70,20,50,20,50,40,Fairy,"['Fairy', 'Water']",2,117,152,181,"rgb(117, 152, 181)"
azumarill,100,50,80,60,80,50,Fairy,"['Fairy', 'Water']",3,87,136,166,"rgb(87, 136, 166)"
sudowoodo,70,100,115,30,65,30,Rock,['Rock'],2,146,124,89,"rgb(146, 124, 89)"
politoed,90,75,75,90,100,70,Water,['Water'],4,142,165,76,"rgb(142, 165, 76)"
hoppip,35,35,40,35,55,50,Grass,"['Grass', 'Flying']",1,179,140,124,"rgb(179, 140, 124)"
skiploom,55,45,50,45,65,80,Grass,"['Grass', 'Flying']",2,131,163,62,"rgb(131, 163, 62)"
jumpluff,75,55,70,55,95,110,Grass,"['Grass', 'Flying']",3,144,151,171,"rgb(144, 151, 171)"
aipom,55,70,55,40,55,85,Normal,['Normal'],1,154,124,142,"rgb(154, 124, 142)"
sunkern,30,30,30,30,30,30,Grass,['Grass'],1,102,107,68,"rgb(102, 107, 68)"
sunflora,75,75,55,105,85,30,Grass,['Grass'],2,169,179,106,"rgb(169, 179, 106)"
yanma,65,65,45,75,45,95,Flying,"['Flying', 'Bug']",1,150,107,71,"rgb(150, 107, 71)"
wooper,55,45,45,25,25,15,Ground,"['Ground', 'Water']",1,117,121,131,"rgb(117, 121, 131)"
quagsire,95,85,85,65,65,35,Ground,"['Ground', 'Water']",2,145,171,183,"rgb(145, 171, 183)"
espeon,65,65,60,130,95,110,Psychic,['Psychic'],6,134,115,132,"rgb(134, 115, 132)"
umbreon,95,65,110,60,130,65,Dark,['Dark'],7,70,80,82,"rgb(70, 80, 82)"
murkrow,60,85,42,85,42,91,Flying,"['Flying', 'Dark']",1,46,70,91,"rgb(46, 70, 91)"
slowking,95,75,80,100,110,30,Water,"['Water', 'Psychic']",3,191,143,141,"rgb(191, 143, 141)"
misdreavus,60,60,60,85,85,85,Ghost,['Ghost'],1,83,106,125,"rgb(83, 106, 125)"
unown,48,72,48,72,48,48,Psychic,['Psychic'],1,55,66,76,"rgb(55, 66, 76)"
wobbuffet,190,33,58,33,58,33,Psychic,['Psychic'],2,106,149,171,"rgb(106, 149, 171)"
girafarig,70,80,65,90,65,85,Normal,"['Normal', 'Psychic']",1,152,113,51,"rgb(152, 113, 51)"
pineco,50,65,90,35,35,15,Bug,['Bug'],1,67,90,93,"rgb(67, 90, 93)"
forretress,75,90,140,60,60,40,Steel,"['Steel', 'Bug']",2,114,61,59,"rgb(114, 61, 59)"
dunsparce,100,70,70,65,65,45,Normal,['Normal'],1,117,139,114,"rgb(117, 139, 114)"
gligar,65,75,105,35,65,85,Ground,"['Ground', 'Flying']",1,173,127,161,"rgb(173, 127, 161)"
steelix,75,85,200,55,65,30,Ground,"['Ground', 'Steel']",2,104,106,126,"rgb(104, 106, 126)"
snubbull,60,80,50,40,40,30,Fairy,['Fairy'],1,171,118,123,"rgb(171, 118, 123)"
granbull,90,120,75,60,60,45,Fairy,['Fairy'],2,149,123,136,"rgb(149, 123, 136)"
qwilfish,65,95,85,55,55,85,Poison,"['Poison', 'Water']",1,121,142,120,"rgb(121, 142, 120)"
scizor,70,130,100,55,80,65,Steel,"['Steel', 'Bug']",2,148,75,73,"rgb(148, 75, 73)"
shuckle,20,10,230,10,230,5,Bug,"['Bug', 'Rock']",1,191,146,81,"rgb(191, 146, 81)"
heracross,80,125,75,40,95,85,Fighting,"['Fighting', 'Bug']",1,77,115,147,"rgb(77, 115, 147)"
sneasel,55,95,55,35,75,115,Ice,"['Ice', 'Dark']",1,90,107,121,"rgb(90, 107, 121)"
teddiursa,60,80,50,50,50,40,Normal,['Normal'],1,190,132,79,"rgb(190, 132, 79)"
ursaring,90,130,75,75,75,55,Normal,['Normal'],2,147,106,82,"rgb(147, 106, 82)"
slugma,40,40,40,70,40,20,Fire,['Fire'],1,209,111,90,"rgb(209, 111, 90)"
magcargo,60,50,120,90,80,30,Fire,"['Fire', 'Rock']",2,174,101,92,"rgb(174, 101, 92)"
swinub,50,50,40,30,30,50,Ground,"['Ground', 'Ice']",1,153,118,96,"rgb(153, 118, 96)"
piloswine,100,100,80,60,60,50,Ground,"['Ground', 'Ice']",2,162,122,101,"rgb(162, 122, 101)"
corsola,65,55,95,65,95,35,Rock,"['Rock', 'Water']",1,216,145,155,"rgb(216, 145, 155)"
remoraid,35,65,35,65,35,65,Water,['Water'],1,123,138,127,"rgb(123, 138, 127)"
octillery,75,105,75,105,75,45,Water,['Water'],2,198,87,69,"rgb(198, 87, 69)"
delibird,45,55,45,65,45,75,Flying,"['Flying', 'Ice']",1,161,72,59,"rgb(161, 72, 59)"
mantine,85,40,70,80,140,70,Flying,"['Flying', 'Water']",2,101,110,123,"rgb(101, 110, 123)"
skarmory,65,80,140,40,70,70,Flying,"['Flying', 'Steel']",1,126,78,85,"rgb(126, 78, 85)"
houndour,45,60,30,80,50,65,Fire,"['Fire', 'Dark']",1,95,84,78,"rgb(95, 84, 78)"
houndoom,75,90,50,110,80,95,Fire,"['Fire', 'Dark']",2,96,84,81,"rgb(96, 84, 81)"
kingdra,75,95,95,95,95,85,Dragon,"['Dragon', 'Water']",3,113,154,166,"rgb(113, 154, 166)"
phanpy,90,60,60,40,40,40,Ground,['Ground'],1,127,142,136,"rgb(127, 142, 136)"
donphan,90,120,120,60,60,50,Ground,['Ground'],2,85,92,103,"rgb(85, 92, 103)"
porygon2,85,80,90,105,95,60,Normal,['Normal'],2,148,124,150,"rgb(148, 124, 150)"
stantler,73,95,62,85,65,85,Normal,['Normal'],1,171,140,114,"rgb(171, 140, 114)"
smeargle,55,20,35,20,45,75,Normal,['Normal'],1,148,132,108,"rgb(148, 132, 108)"
tyrogue,35,35,35,35,35,35,Fighting,['Fighting'],1,110,90,71,"rgb(110, 90, 71)"
hitmontop,50,95,95,35,110,70,Fighting,['Fighting'],4,138,129,127,"rgb(138, 129, 127)"
smoochum,45,30,15,85,65,65,Psychic,"['Psychic', 'Ice']",1,165,121,116,"rgb(165, 121, 116)"
elekid,45,63,37,65,55,95,Electric,['Electric'],1,189,170,101,"rgb(189, 170, 101)"
magby,45,75,37,70,55,83,Fire,['Fire'],1,188,113,110,"rgb(188, 113, 110)"
miltank,95,80,105,40,70,100,Normal,['Normal'],1,80,78,77,"rgb(80, 78, 77)"
blissey,255,10,10,75,135,55,Normal,['Normal'],3,205,163,177,"rgb(205, 163, 177)"
raikou,90,85,75,115,100,115,Electric,['Electric'],1,171,148,101,"rgb(171, 148, 101)"
entei,115,115,85,90,75,100,Fire,['Fire'],1,126,92,71,"rgb(126, 92, 71)"
suicune,100,75,115,90,115,85,Water,['Water'],1,130,139,154,"rgb(130, 139, 154)"
larvitar,50,64,50,45,50,41,Ground,"['Ground', 'Rock']",1,141,141,106,"rgb(141, 141, 106)"
pupitar,70,84,70,65,70,51,Ground,"['Ground', 'Rock']",2,120,126,144,"rgb(120, 126, 144)"
tyranitar,100,134,110,95,100,61,Rock,"['Rock', 'Dark']",3,141,148,118,"rgb(141, 148, 118)"
lugia,106,90,130,90,154,110,Flying,"['Flying', 'Psychic']",1,145,152,173,"rgb(145, 152, 173)"
ho-oh,106,130,90,110,154,90,Fire,"['Fire', 'Flying']",1,183,106,61,"rgb(183, 106, 61)"
celebi,100,100,100,100,100,100,Grass,"['Grass', 'Psychic']",1,87,100,86,"rgb(87, 100, 86)"
treecko,40,45,35,65,55,70,Grass,['Grass'],1,144,162,97,"rgb(144, 162, 97)"
grovyle,50,65,45,85,65,95,Grass,['Grass'],2,120,141,102,"rgb(120, 141, 102)"
sceptile,70,85,65,105,85,120,Grass,"['Grass', 'Dragon']",3,114,154,105,"rgb(114, 154, 105)"
torchic,45,60,40,70,50,45,Fire,['Fire'],1,195,153,89,"rgb(195, 153, 89)"
combusken,60,85,60,85,60,55,Fire,"['Fire', 'Fighting']",2,165,112,83,"rgb(165, 112, 83)"
blaziken,80,120,70,110,70,80,Fire,"['Fire', 'Fighting']",3,189,123,88,"rgb(189, 123, 88)"
mudkip,50,70,50,50,50,40,Water,['Water'],1,114,145,160,"rgb(114, 145, 160)"
marshtomp,70,85,70,60,70,50,Ground,"['Ground', 'Water']",2,115,145,147,"rgb(115, 145, 147)"
swampert,100,110,90,85,90,60,Ground,"['Ground', 'Water']",3,87,117,144,"rgb(87, 117, 144)"
poochyena,35,55,35,30,30,35,Dark,['Dark'],1,79,80,83,"rgb(79, 80, 83)"
mightyena,70,90,70,60,60,70,Dark,['Dark'],2,58,56,56,"rgb(58, 56, 56)"
zigzagoon,38,30,41,30,41,60,Normal,['Normal'],1,151,131,114,"rgb(151, 131, 114)"
linoone,78,70,61,50,61,100,Normal,['Normal'],2,154,142,132,"rgb(154, 142, 132)"
wurmple,45,45,35,20,30,20,Bug,['Bug'],1,163,82,85,"rgb(163, 82, 85)"
silcoon,50,35,55,25,25,15,Bug,['Bug'],2,77,69,72,"rgb(77, 69, 72)"
beautifly,60,70,50,100,50,65,Flying,"['Flying', 'Bug']",3,98,97,95,"rgb(98, 97, 95)"
cascoon,50,35,55,25,25,15,Bug,['Bug'],4,93,76,87,"rgb(93, 76, 87)"
dustox,60,50,70,50,90,65,Bug,"['Bug', 'Poison']",5,137,132,78,"rgb(137, 132, 78)"
lotad,40,30,30,40,50,30,Grass,"['Grass', 'Water']",1,96,133,107,"rgb(96, 133, 107)"
lombre,60,50,50,60,70,50,Grass,"['Grass', 'Water']",2,113,141,71,"rgb(113, 141, 71)"
ludicolo,80,70,70,90,100,70,Grass,"['Grass', 'Water']",3,148,161,102,"rgb(148, 161, 102)"
seedot,40,40,50,30,30,30,Grass,['Grass'],1,118,112,106,"rgb(118, 112, 106)"
nuzleaf,70,70,40,60,40,60,Grass,"['Grass', 'Dark']",2,136,120,104,"rgb(136, 120, 104)"
shiftry,90,100,60,90,60,80,Grass,"['Grass', 'Dark']",3,114,114,79,"rgb(114, 114, 79)"
taillow,40,55,30,30,30,85,Normal,"['Normal', 'Flying']",1,89,82,103,"rgb(89, 82, 103)"
swellow,60,85,60,75,50,125,Normal,"['Normal', 'Flying']",2,78,62,88,"rgb(78, 62, 88)"
wingull,40,30,30,55,30,85,Flying,"['Flying', 'Water']",1,100,101,99,"rgb(100, 101, 99)"
pelipper,60,50,100,95,70,65,Flying,"['Flying', 'Water']",2,96,136,152,"rgb(96, 136, 152)"
ralts,28,25,25,45,35,40,Fairy,"['Fairy', 'Psychic']",1,135,151,112,"rgb(135, 151, 112)"
kirlia,38,35,35,65,55,50,Fairy,"['Fairy', 'Psychic']",2,138,158,123,"rgb(138, 158, 123)"
gardevoir,68,65,65,125,115,80,Fairy,"['Fairy', 'Psychic']",3,124,151,109,"rgb(124, 151, 109)"
surskit,40,30,32,50,52,65,Bug,"['Bug', 'Water']",1,104,158,184,"rgb(104, 158, 184)"
masquerain,70,60,62,100,82,80,Flying,"['Flying', 'Bug']",2,178,120,108,"rgb(178, 120, 108)"
shroomish,60,40,60,40,60,35,Grass,['Grass'],1,105,127,114,"rgb(105, 127, 114)"
breloom,60,130,80,60,60,70,Grass,"['Grass', 'Fighting']",2,132,131,104,"rgb(132, 131, 104)"
slakoth,60,60,60,35,35,30,Normal,['Normal'],1,95,81,72,"rgb(95, 81, 72)"
vigoroth,80,80,80,55,55,90,Normal,['Normal'],2,120,96,98,"rgb(120, 96, 98)"
slaking,150,160,100,95,65,100,Normal,['Normal'],3,138,123,107,"rgb(138, 123, 107)"
nincada,31,45,90,30,30,40,Ground,"['Ground', 'Bug']",1,101,100,95,"rgb(101, 100, 95)"
ninjask,61,90,45,50,50,160,Flying,"['Flying', 'Bug']",2,87,62,62,"rgb(87, 62, 62)"
shedinja,1,90,45,30,30,40,Bug,"['Bug', 'Ghost']",4,153,131,97,"rgb(153, 131, 97)"
whismur,64,51,23,51,23,28,Normal,['Normal'],1,80,65,69,"rgb(80, 65, 69)"
loudred,84,71,43,71,43,48,Normal,['Normal'],2,113,103,132,"rgb(113, 103, 132)"
exploud,104,91,63,91,73,68,Normal,['Normal'],3,132,126,155,"rgb(132, 126, 155)"
makuhita,72,60,30,20,30,25,Fighting,['Fighting'],1,88,89,95,"rgb(88, 89, 95)"
hariyama,144,120,60,40,60,50,Fighting,['Fighting'],2,146,111,102,"rgb(146, 111, 102)"
azurill,50,20,40,20,40,20,Normal,"['Normal', 'Fairy']",1,54,137,193,"rgb(54, 137, 193)"
nosepass,30,45,135,45,90,30,Rock,['Rock'],1,83,86,129,"rgb(83, 86, 129)"
skitty,50,45,45,35,35,50,Normal,['Normal'],1,126,99,110,"rgb(126, 99, 110)"
delcatty,70,65,65,55,55,90,Normal,['Normal'],2,141,92,140,"rgb(141, 92, 140)"
sableye,50,75,75,65,65,50,Ghost,"['Ghost', 'Dark']",1,88,74,132,"rgb(88, 74, 132)"
mawile,50,85,85,55,55,50,Fairy,"['Fairy', 'Steel']",1,85,81,83,"rgb(85, 81, 83)"
aron,50,70,100,40,40,30,Steel,"['Steel', 'Rock']",1,38,52,58,"rgb(38, 52, 58)"
lairon,60,90,140,50,50,40,Steel,"['Steel', 'Rock']",2,87,89,91,"rgb(87, 89, 91)"
aggron,70,110,180,60,60,50,Steel,"['Steel', 'Rock']",3,79,83,87,"rgb(79, 83, 87)"
meditite,30,40,55,40,55,60,Fighting,"['Fighting', 'Psychic']",1,58,103,124,"rgb(58, 103, 124)"
medicham,60,60,75,60,75,80,Fighting,"['Fighting', 'Psychic']",2,182,102,119,"rgb(182, 102, 119)"
electrike,40,45,40,65,40,65,Electric,['Electric'],1,150,175,123,"rgb(150, 175, 123)"
manectric,70,75,60,105,60,105,Electric,['Electric'],2,126,152,143,"rgb(126, 152, 143)"
plusle,60,50,40,85,75,95,Electric,['Electric'],1,173,80,89,"rgb(173, 80, 89)"
minun,60,40,50,75,85,95,Electric,['Electric'],1,89,152,188,"rgb(89, 152, 188)"
volbeat,65,73,75,47,85,85,Bug,['Bug'],1,135,85,73,"rgb(135, 85, 73)"
illumise,65,47,75,73,85,85,Bug,['Bug'],1,77,80,84,"rgb(77, 80, 84)"
roselia,50,60,45,100,80,65,Grass,"['Grass', 'Poison']",2,103,137,123,"rgb(103, 137, 123)"
gulpin,70,43,53,43,53,40,Poison,['Poison'],1,153,178,132,"rgb(153, 178, 132)"
swalot,100,73,83,73,83,55,Poison,['Poison'],2,117,107,155,"rgb(117, 107, 155)"
carvanha,45,90,20,65,20,65,Water,"['Water', 'Dark']",1,130,109,98,"rgb(130, 109, 98)"
sharpedo,70,120,40,95,40,95,Water,"['Water', 'Dark']",2,35,81,112,"rgb(35, 81, 112)"
wailmer,130,70,35,70,35,60,Water,['Water'],1,28,97,144,"rgb(28, 97, 144)"
wailord,170,90,45,90,45,60,Water,['Water'],2,48,109,140,"rgb(48, 109, 140)"
numel,60,60,40,65,45,35,Fire,"['Fire', 'Ground']",1,213,191,122,"rgb(213, 191, 122)"
camerupt,70,100,70,105,75,40,Fire,"['Fire', 'Ground']",2,170,120,106,"rgb(170, 120, 106)"
torkoal,70,85,140,85,70,20,Fire,['Fire'],1,178,149,125,"rgb(178, 149, 125)"
spoink,60,25,35,70,80,60,Psychic,['Psychic'],1,147,141,143,"rgb(147, 141, 143)"
grumpig,80,45,65,90,110,80,Psychic,['Psychic'],2,81,81,83,"rgb(81, 81, 83)"
spinda,60,60,60,60,60,60,Normal,['Normal'],1,141,67,67,"rgb(141, 67, 67)"
trapinch,45,100,45,45,45,10,Ground,['Ground'],1,204,123,94,"rgb(204, 123, 94)"
vibrava,50,70,50,50,50,70,Ground,"['Ground', 'Dragon']",2,80,115,78,"rgb(80, 115, 78)"
flygon,80,100,80,80,80,100,Ground,"['Ground', 'Dragon']",3,156,156,118,"rgb(156, 156, 118)"
cacnea,50,85,40,85,40,35,Grass,['Grass'],1,121,149,113,"rgb(121, 149, 113)"
cacturne,70,115,60,115,60,55,Grass,"['Grass', 'Dark']",2,140,170,122,"rgb(140, 170, 122)"
swablu,45,40,60,40,75,50,Normal,"['Normal', 'Flying']",1,97,167,205,"rgb(97, 167, 205)"
altaria,75,70,90,70,105,80,Flying,"['Flying', 'Dragon', 'Fairy']",2,81,149,179,"rgb(81, 149, 179)"
zangoose,73,115,60,60,60,90,Normal,['Normal'],1,146,85,95,"rgb(146, 85, 95)"
seviper,73,100,60,100,60,65,Poison,['Poison'],1,80,99,117,"rgb(80, 99, 117)"
lunatone,90,55,65,95,85,70,Rock,"['Rock', 'Psychic']",1,162,133,101,"rgb(162, 133, 101)"
solrock,90,95,85,55,65,70,Rock,"['Rock', 'Psychic']",1,188,137,80,"rgb(188, 137, 80)"
barboach,50,48,43,46,41,60,Ground,"['Ground', 'Water']",1,88,130,151,"rgb(88, 130, 151)"
whiscash,110,78,73,76,71,60,Ground,"['Ground', 'Water']",2,35,61,101,"rgb(35, 61, 101)"
corphish,43,80,65,50,35,35,Water,['Water'],1,201,126,106,"rgb(201, 126, 106)"
crawdaunt,63,120,85,90,55,55,Water,"['Water', 'Dark']",2,139,66,64,"rgb(139, 66, 64)"
baltoy,40,40,55,40,70,55,Ground,"['Ground', 'Psychic']",1,150,125,106,"rgb(150, 125, 106)"
claydol,60,70,105,70,120,75,Ground,"['Ground', 'Psychic']",2,57,57,58,"rgb(57, 57, 58)"
lileep,66,41,77,61,87,23,Grass,"['Grass', 'Rock']",1,100,85,111,"rgb(100, 85, 111)"
cradily,86,81,97,81,107,43,Grass,"['Grass', 'Rock']",2,140,154,118,"rgb(140, 154, 118)"
anorith,45,95,50,40,50,75,Bug,"['Bug', 'Rock']",1,111,97,94,"rgb(111, 97, 94)"
armaldo,75,125,100,70,80,45,Bug,"['Bug', 'Rock']",2,98,113,134,"rgb(98, 113, 134)"
feebas,20,15,20,10,55,80,Water,['Water'],1,138,137,124,"rgb(138, 137, 124)"
milotic,95,60,79,100,125,81,Water,['Water'],2,136,99,114,"rgb(136, 99, 114)"
castform,70,70,70,70,70,70,Normal,['Normal'],1,55,55,57,"rgb(55, 55, 57)"
kecleon,60,90,70,60,120,40,Normal,['Normal'],1,167,173,107,"rgb(167, 173, 107)"
shuppet,44,75,35,63,33,45,Ghost,['Ghost'],1,82,93,129,"rgb(82, 93, 129)"
banette,64,115,65,83,63,65,Ghost,['Ghost'],2,122,120,117,"rgb(122, 120, 117)"
duskull,20,40,90,30,90,25,Ghost,['Ghost'],1,116,122,116,"rgb(116, 122, 116)"
dusclops,40,70,130,60,130,25,Ghost,['Ghost'],2,142,141,139,"rgb(142, 141, 139)"
tropius,99,68,83,72,87,51,Grass,"['Grass', 'Flying']",1,111,137,95,"rgb(111, 137, 95)"
chimecho,75,50,80,95,90,65,Psychic,['Psychic'],2,164,109,119,"rgb(164, 109, 119)"
absol,65,130,60,75,60,75,Dark,['Dark'],1,82,98,125,"rgb(82, 98, 125)"
wynaut,95,23,48,23,48,23,Psychic,['Psychic'],1,111,173,178,"rgb(111, 173, 178)"
snorunt,50,50,50,50,50,50,Ice,['Ice'],1,90,71,61,"rgb(90, 71, 61)"
glalie,80,80,80,80,80,80,Ice,['Ice'],2,35,39,42,"rgb(35, 39, 42)"
spheal,70,40,50,55,50,25,Water,"['Water', 'Ice']",1,89,126,177,"rgb(89, 126, 177)"
sealeo,90,60,70,75,70,45,Water,"['Water', 'Ice']",2,64,148,189,"rgb(64, 148, 189)"
walrein,110,80,90,95,90,65,Water,"['Water', 'Ice']",3,62,132,164,"rgb(62, 132, 164)"
clamperl,35,64,85,74,55,32,Water,['Water'],1,15,25,38,"rgb(15, 25, 38)"
huntail,55,104,105,94,75,52,Water,['Water'],2,150,144,161,"rgb(150, 144, 161)"
gorebyss,55,84,105,114,75,52,Water,['Water'],3,150,114,146,"rgb(150, 114, 146)"
relicanth,100,90,130,45,65,55,Rock,"['Rock', 'Water']",1,115,105,96,"rgb(115, 105, 96)"
luvdisc,43,30,55,40,65,97,Water,['Water'],1,217,141,148,"rgb(217, 141, 148)"
bagon,45,75,60,40,30,50,Dragon,['Dragon'],1,115,154,170,"rgb(115, 154, 170)"
shelgon,65,95,100,60,50,50,Dragon,['Dragon'],2,97,96,97,"rgb(97, 96, 97)"
salamence,95,135,80,110,80,100,Flying,"['Flying', 'Dragon']",3,108,101,120,"rgb(108, 101, 120)"
beldum,40,55,80,35,60,30,Steel,"['Steel', 'Psychic']",1,91,136,160,"rgb(91, 136, 160)"
metang,60,75,100,55,80,50,Steel,"['Steel', 'Psychic']",2,59,102,122,"rgb(59, 102, 122)"
metagross,80,135,130,95,90,70,Steel,"['Steel', 'Psychic']",3,79,119,139,"rgb(79, 119, 139)"
regirock,80,100,200,50,100,50,Rock,['Rock'],1,150,118,112,"rgb(150, 118, 112)"
regice,80,50,100,100,200,50,Ice,['Ice'],1,97,152,174,"rgb(97, 152, 174)"
registeel,80,75,150,75,150,50,Steel,['Steel'],1,95,94,99,"rgb(95, 94, 99)"
latias,80,80,90,110,130,110,Dragon,"['Dragon', 'Psychic']",1,167,110,121,"rgb(167, 110, 121)"
latios,80,90,80,130,110,110,Dragon,"['Dragon', 'Psychic']",1,60,141,178,"rgb(60, 141, 178)"
kyogre,100,100,90,150,140,90,Water,['Water'],1,30,101,157,"rgb(30, 101, 157)"
groudon,100,150,140,100,90,90,Ground,"['Ground', 'Fire']",1,145,68,57,"rgb(145, 68, 57)"
rayquaza,105,150,90,150,90,95,Flying,"['Flying', 'Dragon']",1,75,115,85,"rgb(75, 115, 85)"
jirachi,100,100,100,100,100,100,Steel,"['Steel', 'Psychic']",1,76,133,131,"rgb(76, 133, 131)"
deoxys,50,150,50,150,50,150,Psychic,['Psychic'],1,164,131,111,"rgb(164, 131, 111)"
turtwig,55,68,64,45,55,31,Grass,['Grass'],1,164,169,104,"rgb(164, 169, 104)"
grotle,75,89,85,55,65,36,Grass,['Grass'],2,122,139,88,"rgb(122, 139, 88)"
torterra,95,109,105,75,85,56,Grass,"['Grass', 'Ground']",3,97,115,80,"rgb(97, 115, 80)"
chimchar,44,58,44,58,44,61,Fire,['Fire'],1,168,121,79,"rgb(168, 121, 79)"
monferno,64,78,52,78,52,81,Fire,"['Fire', 'Fighting']",2,172,136,102,"rgb(172, 136, 102)"
infernape,76,104,71,104,71,108,Fire,"['Fire', 'Fighting']",3,174,128,94,"rgb(174, 128, 94)"
piplup,53,51,53,61,56,40,Water,['Water'],1,94,113,119,"rgb(94, 113, 119)"
prinplup,64,66,68,81,76,50,Water,['Water'],2,96,111,117,"rgb(96, 111, 117)"
empoleon,84,86,88,111,101,60,Steel,"['Steel', 'Water']",3,61,70,81,"rgb(61, 70, 81)"
starly,40,55,30,30,30,60,Normal,"['Normal', 'Flying']",1,95,80,73,"rgb(95, 80, 73)"
staravia,55,75,50,40,40,80,Normal,"['Normal', 'Flying']",2,101,87,77,"rgb(101, 87, 77)"
staraptor,85,120,70,50,60,100,Normal,"['Normal', 'Flying']",3,112,92,80,"rgb(112, 92, 80)"
bidoof,59,45,40,35,40,31,Normal,['Normal'],1,138,108,66,"rgb(138, 108, 66)"
bibarel,79,85,60,55,60,71,Normal,"['Normal', 'Water']",2,136,106,67,"rgb(136, 106, 67)"
kricketot,37,25,41,25,41,25,Bug,['Bug'],1,137,87,75,"rgb(137, 87, 75)"
kricketune,77,85,51,55,51,65,Bug,['Bug'],2,130,76,61,"rgb(130, 76, 61)"
shinx,45,65,34,40,34,45,Electric,['Electric'],1,104,105,82,"rgb(104, 105, 82)"
luxio,60,85,49,60,49,60,Electric,['Electric'],2,89,91,79,"rgb(89, 91, 79)"
luxray,80,120,79,95,79,70,Electric,['Electric'],3,61,63,61,"rgb(61, 63, 61)"
budew,40,30,35,50,70,55,Grass,"['Grass', 'Poison']",1,101,153,74,"rgb(101, 153, 74)"
roserade,60,70,65,125,105,90,Grass,"['Grass', 'Poison']",3,114,125,118,"rgb(114, 125, 118)"
cranidos,67,125,40,30,30,58,Rock,['Rock'],1,119,130,149,"rgb(119, 130, 149)"
rampardos,97,165,60,65,50,58,Rock,['Rock'],2,73,81,94,"rgb(73, 81, 94)"
shieldon,30,42,118,42,88,30,Steel,"['Steel', 'Rock']",1,121,113,101,"rgb(121, 113, 101)"
bastiodon,60,52,168,47,138,30,Steel,"['Steel', 'Rock']",2,96,93,88,"rgb(96, 93, 88)"
burmy,40,29,45,29,45,36,Bug,['Bug'],1,117,114,85,"rgb(117, 114, 85)"
wormadam,60,59,85,79,105,36,Grass,"['Grass', 'Steel', 'Bug', 'Ground']",4,91,133,89,"rgb(91, 133, 89)"
mothim,70,94,50,94,50,66,Flying,"['Flying', 'Bug']",2,179,137,70,"rgb(179, 137, 70)"
combee,30,30,42,30,42,70,Flying,"['Flying', 'Bug']",1,202,154,56,"rgb(202, 154, 56)"
vespiquen,70,80,102,80,102,40,Flying,"['Flying', 'Bug']",2,129,96,47,"rgb(129, 96, 47)"
pachirisu,60,45,70,45,90,95,Electric,['Electric'],1,138,171,180,"rgb(138, 171, 180)"
buizel,55,65,35,60,30,85,Water,['Water'],1,184,129,79,"rgb(184, 129, 79)"
floatzel,85,105,55,85,50,115,Water,['Water'],2,175,127,79,"rgb(175, 127, 79)"
cherubi,45,35,45,62,53,35,Grass,['Grass'],1,141,92,74,"rgb(141, 92, 74)"
cherrim,70,60,70,87,78,85,Grass,['Grass'],2,130,111,111,"rgb(130, 111, 111)"
shellos,76,48,48,57,62,34,Water,['Water'],1,117,144,143,"rgb(117, 144, 143)"
gastrodon,111,83,68,92,82,39,Ground,"['Ground', 'Water']",2,98,118,91,"rgb(98, 118, 91)"
ambipom,75,100,66,60,66,115,Normal,['Normal'],2,137,99,119,"rgb(137, 99, 119)"
drifloon,90,50,34,60,44,70,Flying,"['Flying', 'Ghost']",1,138,117,123,"rgb(138, 117, 123)"
drifblim,150,80,44,90,54,80,Flying,"['Flying', 'Ghost']",2,145,120,119,"rgb(145, 120, 119)"
buneary,55,66,44,44,56,85,Normal,['Normal'],1,148,110,79,"rgb(148, 110, 79)"
lopunny,65,76,84,54,96,105,Normal,"['Normal', 'Fighting']",2,145,113,79,"rgb(145, 113, 79)"
mismagius,60,60,60,105,105,105,Ghost,['Ghost'],2,127,93,134,"rgb(127, 93, 134)"
honchkrow,100,125,52,105,52,71,Flying,"['Flying', 'Dark']",2,51,65,86,"rgb(51, 65, 86)"
glameow,49,55,42,42,37,85,Normal,['Normal'],1,125,126,139,"rgb(125, 126, 139)"
purugly,71,82,64,64,59,112,Normal,['Normal'],2,119,112,128,"rgb(119, 112, 128)"
chingling,45,30,50,65,50,45,Psychic,['Psychic'],1,194,147,87,"rgb(194, 147, 87)"
stunky,63,63,47,41,41,74,Poison,"['Poison', 'Dark']",1,96,75,99,"rgb(96, 75, 99)"
skuntank,103,93,67,71,61,84,Poison,"['Poison', 'Dark']",2,79,58,83,"rgb(79, 58, 83)"
bronzor,57,24,86,24,86,23,Steel,"['Steel', 'Psychic']",1,56,117,133,"rgb(56, 117, 133)"
bronzong,67,89,116,79,116,33,Steel,"['Steel', 'Psychic']",2,84,123,119,"rgb(84, 123, 119)"
bonsly,50,80,95,10,45,10,Rock,['Rock'],1,133,142,102,"rgb(133, 142, 102)"
mime-jr,20,25,45,70,90,60,Fairy,"['Fairy', 'Psychic']",1,115,109,121,"rgb(115, 109, 121)"
happiny,100,5,5,15,65,30,Normal,['Normal'],1,177,141,143,"rgb(177, 141, 143)"
chatot,76,65,45,92,42,91,Normal,"['Normal', 'Flying']",1,82,95,99,"rgb(82, 95, 99)"
spiritomb,50,92,108,92,108,35,Ghost,"['Ghost', 'Dark']",1,169,140,135,"rgb(169, 140, 135)"
gible,58,70,45,40,45,42,Ground,"['Ground', 'Dragon']",1,104,121,131,"rgb(104, 121, 131)"
gabite,68,90,65,50,55,82,Ground,"['Ground', 'Dragon']",2,98,84,112,"rgb(98, 84, 112)"
garchomp,108,130,95,80,85,102,Ground,"['Ground', 'Dragon']",3,100,94,112,"rgb(100, 94, 112)"
munchlax,135,85,40,40,85,5,Normal,['Normal'],1,104,121,134,"rgb(104, 121, 134)"
riolu,40,70,40,35,40,60,Fighting,['Fighting'],1,87,107,117,"rgb(87, 107, 117)"
lucario,70,110,70,115,70,90,Fighting,"['Fighting', 'Steel']",2,82,97,102,"rgb(82, 97, 102)"
hippopotas,68,72,78,38,42,32,Ground,['Ground'],1,165,141,81,"rgb(165, 141, 81)"
hippowdon,108,112,118,68,72,47,Ground,['Ground'],2,135,117,95,"rgb(135, 117, 95)"
skorupi,40,50,90,30,55,65,Bug,"['Bug', 'Poison']",1,97,106,141,"rgb(97, 106, 141)"
drapion,70,90,110,60,75,95,Poison,"['Poison', 'Dark']",2,124,89,126,"rgb(124, 89, 126)"
croagunk,48,61,40,61,40,50,Fighting,"['Fighting', 'Poison']",1,76,82,108,"rgb(76, 82, 108)"
toxicroak,83,106,65,86,65,85,Fighting,"['Fighting', 'Poison']",2,107,112,135,"rgb(107, 112, 135)"
carnivine,74,100,72,90,72,46,Grass,['Grass'],1,134,154,95,"rgb(134, 154, 95)"
finneon,49,49,56,49,61,66,Water,['Water'],1,103,87,102,"rgb(103, 87, 102)"
lumineon,69,69,76,69,86,91,Water,['Water'],2,62,77,83,"rgb(62, 77, 83)"
mantyke,45,20,50,60,120,50,Flying,"['Flying', 'Water']",1,77,124,163,"rgb(77, 124, 163)"
snover,60,62,50,62,60,40,Grass,"['Grass', 'Ice']",1,102,115,103,"rgb(102, 115, 103)"
abomasnow,90,92,75,92,85,60,Grass,"['Grass', 'Ice']",2,87,113,109,"rgb(87, 113, 109)"
weavile,70,120,65,45,85,125,Ice,"['Ice', 'Dark']",2,144,90,105,"rgb(144, 90, 105)"
magnezone,70,70,115,130,90,60,Steel,"['Steel', 'Electric']",3,75,80,88,"rgb(75, 80, 88)"
lickilicky,110,85,95,80,95,50,Normal,['Normal'],2,193,127,132,"rgb(193, 127, 132)"
rhyperior,115,140,130,55,55,40,Ground,"['Ground', 'Rock']",3,132,100,87,"rgb(132, 100, 87)"
tangrowth,100,100,125,110,50,50,Grass,['Grass'],2,92,105,133,"rgb(92, 105, 133)"
electivire,75,123,67,95,85,95,Electric,['Electric'],3,99,90,73,"rgb(99, 90, 73)"
magmortar,75,95,67,125,95,83,Fire,['Fire'],3,162,94,52,"rgb(162, 94, 52)"
togekiss,85,50,95,120,115,80,Flying,"['Flying', 'Fairy']",3,149,160,160,"rgb(149, 160, 160)"
yanmega,86,76,86,116,56,95,Flying,"['Flying', 'Bug']",2,114,82,63,"rgb(114, 82, 63)"
leafeon,65,110,130,60,65,95,Grass,['Grass'],9,129,155,112,"rgb(129, 155, 112)"
glaceon,65,60,110,130,95,65,Ice,['Ice'],10,75,123,130,"rgb(75, 123, 130)"
gliscor,75,95,125,45,75,95,Ground,"['Ground', 'Flying']",2,98,93,107,"rgb(98, 93, 107)"
mamoswine,110,130,80,70,60,80,Ground,"['Ground', 'Ice']",3,114,82,51,"rgb(114, 82, 51)"
porygon-z,85,80,70,135,75,90,Normal,['Normal'],3,122,127,146,"rgb(122, 127, 146)"
gallade,68,125,65,65,115,80,Fighting,"['Fighting', 'Psychic']",4,60,102,72,"rgb(60, 102, 72)"
probopass,60,55,145,75,150,40,Steel,"['Steel', 'Rock']",2,99,75,82,"rgb(99, 75, 82)"
dusknoir,45,100,135,65,135,45,Ghost,['Ghost'],3,107,102,83,"rgb(107, 102, 83)"
froslass,70,80,70,80,70,110,Ghost,"['Ghost', 'Ice']",3,116,98,101,"rgb(116, 98, 101)"
rotom,50,50,77,95,77,91,Ghost,"['Ghost', 'Fire', 'Ice', 'Grass', 'Flying', 'Electric', 'Water']",1,161,158,144,"rgb(161, 158, 144)"
uxie,75,75,130,75,130,95,Psychic,['Psychic'],1,152,147,121,"rgb(152, 147, 121)"
mesprit,80,105,105,105,105,80,Psychic,['Psychic'],1,164,125,148,"rgb(164, 125, 148)"
azelf,75,125,70,125,70,115,Psychic,['Psychic'],1,113,138,153,"rgb(113, 138, 153)"
dialga,100,120,120,150,100,90,Steel,"['Steel', 'Dragon']",1,83,94,121,"rgb(83, 94, 121)"
palkia,90,120,100,150,120,100,Dragon,"['Dragon', 'Water']",1,134,125,140,"rgb(134, 125, 140)"
heatran,91,90,106,130,106,77,Fire,"['Fire', 'Steel']",1,117,88,74,"rgb(117, 88, 74)"
regigigas,110,160,110,80,110,100,Normal,['Normal'],1,115,111,72,"rgb(115, 111, 72)"
giratina,150,100,120,100,120,90,Dragon,"['Dragon', 'Ghost']",1,108,94,79,"rgb(108, 94, 79)"
cresselia,120,70,120,75,130,85,Psychic,['Psychic'],1,203,168,164,"rgb(203, 168, 164)"
phione,80,80,80,80,80,80,Water,['Water'],1,87,144,161,"rgb(87, 144, 161)"
manaphy,100,100,100,100,100,100,Water,['Water'],1,99,167,181,"rgb(99, 167, 181)"
darkrai,70,90,90,135,90,125,Dark,['Dark'],1,74,65,65,"rgb(74, 65, 65)"
shaymin,100,100,100,100,100,100,Grass,"['Grass', 'Flying']",1,151,159,103,"rgb(151, 159, 103)"
arceus,120,120,120,120,120,120,Normal,['Normal'],1,129,126,109,"rgb(129, 126, 109)"
victini,100,100,100,100,100,100,Fire,"['Fire', 'Psychic']",1,173,132,98,"rgb(173, 132, 98)"
snivy,45,45,55,45,55,63,Grass,['Grass'],1,107,143,85,"rgb(107, 143, 85)"
servine,60,60,75,60,75,83,Grass,['Grass'],2,124,159,95,"rgb(124, 159, 95)"
serperior,75,75,95,75,95,113,Grass,['Grass'],3,49,124,77,"rgb(49, 124, 77)"
tepig,65,63,45,45,45,45,Fire,['Fire'],1,149,102,68,"rgb(149, 102, 68)"
pignite,90,93,55,70,55,55,Fire,"['Fire', 'Fighting']",2,158,106,64,"rgb(158, 106, 64)"
emboar,110,123,65,100,65,65,Fire,"['Fire', 'Fighting']",3,141,102,69,"rgb(141, 102, 69)"
oshawott,55,55,45,63,45,45,Water,['Water'],1,82,114,124,"rgb(82, 114, 124)"
dewott,75,75,60,83,60,60,Water,['Water'],2,87,105,119,"rgb(87, 105, 119)"
samurott,95,100,85,108,70,70,Water,['Water'],3,79,104,135,"rgb(79, 104, 135)"
patrat,45,55,39,35,39,42,Normal,['Normal'],1,153,119,81,"rgb(153, 119, 81)"
watchog,60,85,69,60,69,77,Normal,['Normal'],2,152,99,57,"rgb(152, 99, 57)"
lillipup,45,60,45,25,45,55,Normal,['Normal'],1,169,125,94,"rgb(169, 125, 94)"
herdier,65,80,65,35,65,60,Normal,['Normal'],2,124,102,101,"rgb(124, 102, 101)"
stoutland,85,110,90,45,90,80,Normal,['Normal'],3,112,108,99,"rgb(112, 108, 99)"
purrloin,41,50,37,50,37,66,Dark,['Dark'],1,121,94,123,"rgb(121, 94, 123)"
liepard,64,88,50,88,50,106,Dark,['Dark'],2,122,95,110,"rgb(122, 95, 110)"
pansage,50,53,48,53,48,64,Grass,['Grass'],1,95,156,111,"rgb(95, 156, 111)"
simisage,75,98,63,98,63,101,Grass,['Grass'],2,86,158,108,"rgb(86, 158, 108)"
pansear,50,53,48,53,48,64,Fire,['Fire'],1,196,116,92,"rgb(196, 116, 92)"
simisear,75,98,63,98,63,101,Fire,['Fire'],2,185,113,91,"rgb(185, 113, 91)"
panpour,50,53,48,53,48,64,Water,['Water'],1,107,163,170,"rgb(107, 163, 170)"
simipour,75,98,63,98,63,101,Water,['Water'],2,91,163,178,"rgb(91, 163, 178)"
munna,76,25,45,67,55,24,Psychic,['Psychic'],1,172,131,149,"rgb(172, 131, 149)"
musharna,116,55,85,107,95,29,Psychic,['Psychic'],2,193,144,168,"rgb(193, 144, 168)"
pidove,50,55,50,36,30,43,Normal,"['Normal', 'Flying']",1,119,110,105,"rgb(119, 110, 105)"
tranquill,62,77,62,50,42,65,Normal,"['Normal', 'Flying']",2,111,101,99,"rgb(111, 101, 99)"
unfezant,80,115,80,65,55,93,Normal,"['Normal', 'Flying']",3,102,94,93,"rgb(102, 94, 93)"
blitzle,45,60,32,50,32,76,Electric,['Electric'],1,83,81,78,"rgb(83, 81, 78)"
zebstrika,75,100,63,80,63,116,Electric,['Electric'],2,88,85,83,"rgb(88, 85, 83)"
roggenrola,55,75,85,25,25,15,Rock,['Rock'],1,80,77,79,"rgb(80, 77, 79)"
boldore,70,105,105,50,40,20,Rock,['Rock'],2,83,68,82,"rgb(83, 68, 82)"
gigalith,85,135,130,60,80,25,Rock,['Rock'],3,108,71,80,"rgb(108, 71, 80)"
woobat,65,45,43,55,43,72,Flying,"['Flying', 'Psychic']",1,97,96,96,"rgb(97, 96, 96)"
swoobat,67,57,55,77,55,114,Flying,"['Flying', 'Psychic']",2,81,88,98,"rgb(81, 88, 98)"
drilbur,60,85,40,30,45,68,Ground,['Ground'],1,101,92,93,"rgb(101, 92, 93)"
excadrill,110,135,60,50,65,88,Ground,"['Ground', 'Steel']",2,94,77,73,"rgb(94, 77, 73)"
audino,103,60,86,60,86,50,Normal,"['Normal', 'Fairy']",1,209,164,160,"rgb(209, 164, 160)"
timburr,75,80,55,25,35,35,Fighting,['Fighting'],1,133,101,81,"rgb(133, 101, 81)"
gurdurr,85,105,85,40,50,40,Fighting,['Fighting'],2,117,76,82,"rgb(117, 76, 82)"
conkeldurr,105,140,95,55,65,45,Fighting,['Fighting'],3,146,133,125,"rgb(146, 133, 125)"
tympole,50,50,40,50,40,64,Water,['Water'],1,78,91,94,"rgb(78, 91, 94)"
palpitoad,75,65,55,65,55,69,Ground,"['Ground', 'Water']",2,66,86,101,"rgb(66, 86, 101)"
seismitoad,105,95,75,85,75,74,Ground,"['Ground', 'Water']",3,66,102,126,"rgb(66, 102, 126)"
throh,120,100,85,30,85,45,Fighting,['Fighting'],1,134,103,97,"rgb(134, 103, 97)"
sawk,75,125,75,30,75,85,Fighting,['Fighting'],1,79,100,116,"rgb(79, 100, 116)"
sewaddle,45,53,70,40,60,42,Grass,"['Grass', 'Bug']",1,159,161,74,"rgb(159, 161, 74)"
swadloon,55,63,90,50,80,42,Grass,"['Grass', 'Bug']",2,137,173,62,"rgb(137, 173, 62)"
leavanny,75,103,80,70,80,92,Grass,"['Grass', 'Bug']",3,121,151,66,"rgb(121, 151, 66)"
venipede,30,45,59,30,39,57,Bug,"['Bug', 'Poison']",1,138,78,85,"rgb(138, 78, 85)"
whirlipede,40,55,99,40,79,47,Bug,"['Bug', 'Poison']",2,118,107,117,"rgb(118, 107, 117)"
scolipede,60,100,89,55,69,112,Bug,"['Bug', 'Poison']",3,121,70,84,"rgb(121, 70, 84)"
cottonee,40,27,60,37,50,66,Grass,"['Grass', 'Fairy']",1,127,155,119,"rgb(127, 155, 119)"
whimsicott,60,67,85,77,75,116,Grass,"['Grass', 'Fairy']",2,156,155,121,"rgb(156, 155, 121)"
petilil,45,35,50,70,50,30,Grass,['Grass'],1,98,148,90,"rgb(98, 148, 90)"
lilligant,70,60,75,110,75,90,Grass,['Grass'],2,137,155,89,"rgb(137, 155, 89)"
basculin,70,92,65,80,55,98,Water,['Water'],1,94,127,91,"rgb(94, 127, 91)"
sandile,50,72,35,35,35,65,Ground,"['Ground', 'Dark']",1,140,118,91,"rgb(140, 118, 91)"
krokorok,60,82,45,45,45,74,Ground,"['Ground', 'Dark']",2,140,116,96,"rgb(140, 116, 96)"
krookodile,95,117,80,65,70,92,Ground,"['Ground', 'Dark']",3,119,85,92,"rgb(119, 85, 92)"
darumaka,70,90,45,15,45,50,Fire,['Fire'],1,186,110,86,"rgb(186, 110, 86)"
darmanitan,105,140,55,30,55,95,Fire,"['Fire', 'Psychic']",2,170,90,68,"rgb(170, 90, 68)"
maractus,75,86,67,106,67,60,Grass,['Grass'],1,114,144,98,"rgb(114, 144, 98)"
dwebble,50,65,85,35,35,55,Bug,"['Bug', 'Rock']",1,142,112,90,"rgb(142, 112, 90)"
crustle,70,105,125,65,75,45,Bug,"['Bug', 'Rock']",2,117,94,75,"rgb(117, 94, 75)"
scraggy,50,75,70,35,70,48,Fighting,"['Fighting', 'Dark']",1,198,162,103,"rgb(198, 162, 103)"
scrafty,65,90,115,45,115,58,Fighting,"['Fighting', 'Dark']",2,188,137,92,"rgb(188, 137, 92)"
sigilyph,72,58,80,103,80,97,Flying,"['Flying', 'Psychic']",1,135,116,92,"rgb(135, 116, 92)"
yamask,38,30,85,55,65,30,Ghost,['Ghost'],1,93,79,73,"rgb(93, 79, 73)"
cofagrigus,58,50,145,95,105,30,Ghost,['Ghost'],2,92,94,85,"rgb(92, 94, 85)"
tirtouga,54,78,103,53,45,22,Rock,"['Rock', 'Water']",1,99,118,146,"rgb(99, 118, 146)"
carracosta,74,108,133,83,65,32,Rock,"['Rock', 'Water']",2,96,122,152,"rgb(96, 122, 152)"
archen,55,112,45,74,45,70,Flying,"['Flying', 'Rock']",1,136,122,131,"rgb(136, 122, 131)"
archeops,75,140,65,112,65,110,Flying,"['Flying', 'Rock']",2,99,127,137,"rgb(99, 127, 137)"
trubbish,50,50,62,40,62,65,Poison,['Poison'],1,102,118,99,"rgb(102, 118, 99)"
garbodor,80,95,82,60,82,75,Poison,['Poison'],2,129,128,112,"rgb(129, 128, 112)"
zorua,40,65,40,80,40,65,Dark,['Dark'],1,90,71,84,"rgb(90, 71, 84)"
zoroark,60,105,60,120,60,105,Dark,['Dark'],2,95,57,68,"rgb(95, 57, 68)"
minccino,55,50,40,40,40,75,Normal,['Normal'],1,149,134,130,"rgb(149, 134, 130)"
cinccino,75,95,60,65,60,115,Normal,['Normal'],2,131,119,129,"rgb(131, 119, 129)"
gothita,45,30,50,55,65,45,Psychic,['Psychic'],1,76,69,73,"rgb(76, 69, 73)"
gothorita,60,45,70,75,85,55,Psychic,['Psychic'],2,51,51,54,"rgb(51, 51, 54)"
gothitelle,70,55,95,95,110,65,Psychic,['Psychic'],3,57,55,54,"rgb(57, 55, 54)"
solosis,45,30,40,105,50,20,Psychic,['Psychic'],1,144,181,144,"rgb(144, 181, 144)"
duosion,65,40,50,125,60,30,Psychic,['Psychic'],2,145,188,150,"rgb(145, 188, 150)"
reuniclus,110,65,75,125,85,30,Psychic,['Psychic'],3,150,190,152,"rgb(150, 190, 152)"
ducklett,62,44,50,44,50,55,Flying,"['Flying', 'Water']",1,119,144,133,"rgb(119, 144, 133)"
swanna,75,87,63,87,63,98,Flying,"['Flying', 'Water']",2,108,117,128,"rgb(108, 117, 128)"
vanillite,36,50,50,65,60,44,Ice,['Ice'],1,91,105,129,"rgb(91, 105, 129)"
vanillish,51,65,65,80,75,59,Ice,['Ice'],2,127,162,197,"rgb(127, 162, 197)"
vanilluxe,71,95,85,110,95,79,Ice,['Ice'],3,147,170,200,"rgb(147, 170, 200)"
deerling,60,60,50,40,50,75,Normal,"['Normal', 'Grass']",1,159,143,99,"rgb(159, 143, 99)"
sawsbuck,80,100,70,60,70,95,Normal,"['Normal', 'Grass']",2,111,94,74,"rgb(111, 94, 74)"
emolga,55,75,60,75,60,103,Flying,"['Flying', 'Electric']",1,92,85,71,"rgb(92, 85, 71)"
karrablast,50,75,45,40,45,60,Bug,['Bug'],1,86,111,122,"rgb(86, 111, 122)"
escavalier,70,135,105,60,105,20,Steel,"['Steel', 'Bug']",2,158,110,108,"rgb(158, 110, 108)"
foongus,69,55,45,55,55,15,Grass,"['Grass', 'Poison']",1,115,89,80,"rgb(115, 89, 80)"
amoonguss,114,85,70,85,80,30,Grass,"['Grass', 'Poison']",2,125,101,103,"rgb(125, 101, 103)"
frillish,55,40,50,65,85,40,Water,"['Water', 'Ghost']",1,138,185,204,"rgb(138, 185, 204)"
jellicent,100,60,70,85,105,60,Water,"['Water', 'Ghost']",2,130,181,217,"rgb(130, 181, 217)"
alomomola,165,75,80,40,45,65,Water,['Water'],1,183,131,142,"rgb(183, 131, 142)"
joltik,50,47,50,57,50,65,Electric,"['Electric', 'Bug']",1,195,176,97,"rgb(195, 176, 97)"
galvantula,70,77,60,97,60,108,Electric,"['Electric', 'Bug']",2,131,119,110,"rgb(131, 119, 110)"
ferroseed,44,50,91,24,86,10,Grass,"['Grass', 'Steel']",1,104,125,106,"rgb(104, 125, 106)"
ferrothorn,74,94,131,54,116,20,Grass,"['Grass', 'Steel']",2,89,115,94,"rgb(89, 115, 94)"
klink,40,55,70,45,60,30,Steel,['Steel'],1,87,97,96,"rgb(87, 97, 96)"
klang,60,80,95,70,85,50,Steel,['Steel'],2,83,95,95,"rgb(83, 95, 95)"
klinklang,60,100,115,70,85,90,Steel,['Steel'],3,105,112,116,"rgb(105, 112, 116)"
tynamo,35,55,40,45,40,60,Electric,['Electric'],1,167,177,190,"rgb(167, 177, 190)"
eelektrik,65,85,70,75,70,40,Electric,['Electric'],2,119,105,103,"rgb(119, 105, 103)"
eelektross,85,115,80,105,80,50,Electric,['Electric'],3,91,97,111,"rgb(91, 97, 111)"
elgyem,55,55,55,85,55,30,Psychic,['Psychic'],1,99,123,113,"rgb(99, 123, 113)"
beheeyem,75,75,75,125,95,40,Psychic,['Psychic'],2,155,130,116,"rgb(155, 130, 116)"
litwick,50,30,55,65,55,20,Fire,"['Fire', 'Ghost']",1,147,155,192,"rgb(147, 155, 192)"
lampent,60,40,60,95,60,55,Fire,"['Fire', 'Ghost']",2,58,58,62,"rgb(58, 58, 62)"
chandelure,60,55,90,145,90,80,Fire,"['Fire', 'Ghost']",3,74,72,87,"rgb(74, 72, 87)"
axew,46,87,60,30,40,57,Dragon,['Dragon'],1,104,116,87,"rgb(104, 116, 87)"
fraxure,66,117,70,40,50,67,Dragon,['Dragon'],2,109,110,95,"rgb(109, 110, 95)"
haxorus,76,147,90,60,70,97,Dragon,['Dragon'],3,122,106,56,"rgb(122, 106, 56)"
cubchoo,55,70,40,60,40,40,Ice,['Ice'],1,76,81,88,"rgb(76, 81, 88)"
beartic,95,130,80,70,80,50,Ice,['Ice'],2,110,110,114,"rgb(110, 110, 114)"
cryogonal,80,50,50,95,135,105,Ice,['Ice'],1,92,112,152,"rgb(92, 112, 152)"
shelmet,50,40,85,40,65,25,Bug,['Bug'],1,134,101,103,"rgb(134, 101, 103)"
accelgor,80,70,40,100,60,145,Bug,['Bug'],2,133,117,130,"rgb(133, 117, 130)"
stunfisk,109,66,84,81,99,32,Ground,"['Ground', 'Electric']",1,170,130,93,"rgb(170, 130, 93)"
mienfoo,45,85,50,55,50,65,Fighting,['Fighting'],1,173,109,108,"rgb(173, 109, 108)"
mienshao,65,125,60,95,60,105,Fighting,['Fighting'],2,148,135,153,"rgb(148, 135, 153)"
druddigon,77,120,90,60,90,48,Dragon,['Dragon'],1,53,89,110,"rgb(53, 89, 110)"
golett,59,74,50,35,50,35,Ground,"['Ground', 'Ghost']",1,99,132,127,"rgb(99, 132, 127)"
golurk,89,124,80,55,80,55,Ground,"['Ground', 'Ghost']",2,107,134,127,"rgb(107, 134, 127)"
pawniard,45,85,70,40,40,60,Steel,"['Steel', 'Dark']",1,117,83,82,"rgb(117, 83, 82)"
bisharp,65,125,100,60,70,70,Steel,"['Steel', 'Dark']",2,125,87,82,"rgb(125, 87, 82)"
bouffalant,95,110,95,40,95,55,Normal,['Normal'],1,114,96,76,"rgb(114, 96, 76)"
rufflet,70,83,50,37,50,60,Normal,"['Normal', 'Flying']",1,123,112,116,"rgb(123, 112, 116)"
braviary,100,123,75,57,75,80,Normal,"['Normal', 'Flying']",2,101,75,79,"rgb(101, 75, 79)"
vullaby,70,55,75,45,65,60,Flying,"['Flying', 'Dark']",1,111,98,92,"rgb(111, 98, 92)"
mandibuzz,110,65,105,55,95,80,Flying,"['Flying', 'Dark']",2,128,111,103,"rgb(128, 111, 103)"
heatmor,85,97,66,105,66,65,Fire,['Fire'],1,157,111,87,"rgb(157, 111, 87)"
durant,58,109,112,48,48,109,Steel,"['Steel', 'Bug']",1,97,94,93,"rgb(97, 94, 93)"
deino,52,65,50,45,50,38,Dragon,"['Dragon', 'Dark']",1,93,93,100,"rgb(93, 93, 100)"
zweilous,72,85,70,65,70,58,Dragon,"['Dragon', 'Dark']",2,88,85,88,"rgb(88, 85, 88)"
hydreigon,92,105,90,125,90,98,Dragon,"['Dragon', 'Dark']",3,98,86,101,"rgb(98, 86, 101)"
larvesta,55,85,55,50,55,60,Fire,"['Fire', 'Bug']",1,132,91,73,"rgb(132, 91, 73)"
volcarona,85,60,65,135,105,100,Fire,"['Fire', 'Bug']",2,178,115,92,"rgb(178, 115, 92)"
cobalion,91,90,129,90,72,108,Fighting,"['Fighting', 'Steel']",1,79,130,136,"rgb(79, 130, 136)"
terrakion,91,129,90,72,90,108,Fighting,"['Fighting', 'Rock']",1,120,108,99,"rgb(120, 108, 99)"
virizion,91,90,72,90,129,108,Grass,"['Grass', 'Fighting']",1,146,165,106,"rgb(146, 165, 106)"
tornadus,79,115,70,125,80,111,Flying,['Flying'],1,116,114,120,"rgb(116, 114, 120)"
thundurus,79,115,70,125,80,111,Flying,"['Flying', 'Electric']",1,99,104,115,"rgb(99, 104, 115)"
reshiram,100,120,100,150,120,90,Fire,"['Fire', 'Dragon']",1,144,150,172,"rgb(144, 150, 172)"
zekrom,100,150,120,120,100,90,Dragon,"['Dragon', 'Electric']",1,54,59,60,"rgb(54, 59, 60)"
landorus,89,125,90,115,80,101,Ground,"['Ground', 'Flying']",1,139,107,94,"rgb(139, 107, 94)"
kyurem,125,130,90,130,90,95,Dragon,"['Dragon', 'Ice']",1,115,119,122,"rgb(115, 119, 122)"
keldeo,91,72,90,129,90,108,Fighting,"['Fighting', 'Water']",1,145,104,95,"rgb(145, 104, 95)"
meloetta,100,77,77,128,128,90,Normal,"['Normal', 'Fighting', 'Psychic']",1,108,105,101,"rgb(108, 105, 101)"
genesect,71,120,95,120,95,99,Steel,"['Steel', 'Bug']",1,117,87,122,"rgb(117, 87, 122)"
chespin,56,61,65,48,45,38,Grass,['Grass'],1,153,135,88,"rgb(153, 135, 88)"
quilladin,61,78,95,56,58,57,Grass,['Grass'],2,119,105,62,"rgb(119, 105, 62)"
chesnaught,88,107,122,74,75,64,Grass,"['Grass', 'Fighting']",3,138,142,108,"rgb(138, 142, 108)"
fennekin,40,45,40,62,60,60,Fire,['Fire'],1,190,113,71,"rgb(190, 113, 71)"
braixen,59,59,58,90,70,73,Fire,['Fire'],2,142,96,67,"rgb(142, 96, 67)"
delphox,75,69,72,114,100,104,Fire,"['Fire', 'Psychic']",3,181,101,76,"rgb(181, 101, 76)"
froakie,41,56,40,62,44,71,Water,['Water'],1,96,151,169,"rgb(96, 151, 169)"
frogadier,54,63,52,83,56,97,Water,['Water'],2,59,111,145,"rgb(59, 111, 145)"
greninja,72,95,67,103,71,122,Water,"['Water', 'Dark']",3,90,86,127,"rgb(90, 86, 127)"
bunnelby,38,36,38,32,36,57,Normal,['Normal'],1,135,121,108,"rgb(135, 121, 108)"
diggersby,85,56,77,50,77,78,Normal,"['Normal', 'Ground']",2,121,99,76,"rgb(121, 99, 76)"
fletchling,45,50,43,40,38,62,Normal,"['Normal', 'Flying']",1,140,99,83,"rgb(140, 99, 83)"
fletchinder,62,73,55,56,52,84,Fire,"['Fire', 'Flying']",2,130,92,70,"rgb(130, 92, 70)"
talonflame,78,81,71,74,69,126,Fire,"['Fire', 'Flying']",3,148,105,82,"rgb(148, 105, 82)"
scatterbug,38,35,40,27,25,35,Bug,['Bug'],1,102,99,96,"rgb(102, 99, 96)"
spewpa,45,22,60,27,30,29,Bug,['Bug'],2,118,105,106,"rgb(118, 105, 106)"
vivillon,80,52,50,90,50,89,Flying,"['Flying', 'Bug']",3,157,94,116,"rgb(157, 94, 116)"
litleo,62,50,58,73,54,72,Fire,"['Fire', 'Normal']",1,90,72,63,"rgb(90, 72, 63)"
pyroar,86,68,72,109,66,106,Fire,"['Fire', 'Normal']",2,175,110,65,"rgb(175, 110, 65)"
flabebe,44,38,39,61,79,42,Fairy,['Fairy'],1,176,116,99,"rgb(176, 116, 99)"
floette,54,45,47,75,98,52,Fairy,['Fairy'],2,127,97,84,"rgb(127, 97, 84)"
florges,78,65,68,112,154,75,Fairy,['Fairy'],3,76,131,115,"rgb(76, 131, 115)"
skiddo,66,65,48,62,57,52,Grass,['Grass'],1,69,99,78,"rgb(69, 99, 78)"
gogoat,123,100,62,97,81,68,Grass,['Grass'],2,89,111,81,"rgb(89, 111, 81)"
pancham,67,82,62,46,48,43,Fighting,['Fighting'],1,83,85,90,"rgb(83, 85, 90)"
pangoro,95,124,78,69,71,58,Fighting,"['Fighting', 'Dark']",2,96,97,104,"rgb(96, 97, 104)"
furfrou,75,80,60,65,90,102,Normal,['Normal'],1,130,130,122,"rgb(130, 130, 122)"
espurr,62,48,54,63,60,68,Psychic,['Psychic'],1,146,144,160,"rgb(146, 144, 160)"
meowstic,74,48,76,83,81,104,Psychic,['Psychic'],2,60,85,132,"rgb(60, 85, 132)"
honedge,45,80,100,35,37,28,Steel,"['Steel', 'Ghost']",1,96,104,109,"rgb(96, 104, 109)"
doublade,59,110,150,45,49,35,Steel,"['Steel', 'Ghost']",2,160,112,128,"rgb(160, 112, 128)"
aegislash,60,150,50,150,50,60,Steel,"['Steel', 'Ghost']",3,135,124,97,"rgb(135, 124, 97)"
spritzee,78,52,60,63,65,23,Fairy,['Fairy'],1,183,112,124,"rgb(183, 112, 124)"
aromatisse,101,72,72,99,89,29,Fairy,['Fairy'],2,176,111,141,"rgb(176, 111, 141)"
swirlix,62,48,66,59,57,49,Fairy,['Fairy'],1,116,85,95,"rgb(116, 85, 95)"
slurpuff,82,80,86,85,75,72,Fairy,['Fairy'],2,164,108,126,"rgb(164, 108, 126)"
inkay,53,54,53,37,46,45,Psychic,"['Psychic', 'Dark']",1,105,129,153,"rgb(105, 129, 153)"
malamar,86,92,88,68,75,73,Psychic,"['Psychic', 'Dark']",2,130,114,142,"rgb(130, 114, 142)"
binacle,42,52,67,39,56,50,Rock,"['Rock', 'Water']",1,124,104,95,"rgb(124, 104, 95)"
barbaracle,72,105,115,54,86,68,Rock,"['Rock', 'Water']",2,117,98,92,"rgb(117, 98, 92)"
skrelp,50,60,60,60,60,30,Water,"['Water', 'Poison']",1,117,81,66,"rgb(117, 81, 66)"
dragalge,65,75,90,97,123,44,Dragon,"['Dragon', 'Poison']",2,131,88,81,"rgb(131, 88, 81)"
clauncher,50,53,62,58,63,44,Water,['Water'],1,109,115,104,"rgb(109, 115, 104)"
clawitzer,71,73,88,120,89,59,Water,['Water'],2,53,105,138,"rgb(53, 105, 138)"
helioptile,44,38,33,61,43,70,Normal,"['Normal', 'Electric']",1,113,110,93,"rgb(113, 110, 93)"
heliolisk,62,55,52,109,94,109,Normal,"['Normal', 'Electric']",2,166,144,90,"rgb(166, 144, 90)"
tyrunt,58,89,77,45,45,48,Dragon,"['Dragon', 'Rock']",1,122,100,91,"rgb(122, 100, 91)"
tyrantrum,82,121,119,69,59,71,Dragon,"['Dragon', 'Rock']",2,148,94,86,"rgb(148, 94, 86)"
amaura,77,59,50,67,63,46,Rock,"['Rock', 'Ice']",1,141,181,204,"rgb(141, 181, 204)"
aurorus,123,77,72,99,92,58,Rock,"['Rock', 'Ice']",2,124,147,183,"rgb(124, 147, 183)"
sylveon,95,65,65,110,130,60,Fairy,['Fairy'],12,174,131,147,"rgb(174, 131, 147)"
hawlucha,78,92,75,74,63,118,Fighting,"['Fighting', 'Flying']",1,124,119,96,"rgb(124, 119, 96)"
dedenne,67,58,57,81,67,101,Fairy,"['Fairy', 'Electric']",1,158,123,62,"rgb(158, 123, 62)"
carbink,50,50,150,50,150,50,Fairy,"['Fairy', 'Rock']",1,144,148,163,"rgb(144, 148, 163)"
goomy,45,50,35,55,75,40,Dragon,['Dragon'],1,133,120,133,"rgb(133, 120, 133)"
sliggoo,68,75,53,83,113,60,Dragon,['Dragon'],2,143,128,146,"rgb(143, 128, 146)"
goodra,90,100,70,110,150,80,Dragon,['Dragon'],3,152,139,155,"rgb(152, 139, 155)"
klefki,57,80,91,80,87,75,Fairy,"['Fairy', 'Steel']",1,126,112,108,"rgb(126, 112, 108)"
phantump,43,70,48,50,60,38,Grass,"['Grass', 'Ghost']",1,97,91,80,"rgb(97, 91, 80)"
trevenant,85,110,76,65,82,56,Grass,"['Grass', 'Ghost']",2,110,119,100,"rgb(110, 119, 100)"
pumpkaboo,49,66,70,44,55,51,Grass,"['Grass', 'Ghost']",1,121,97,75,"rgb(121, 97, 75)"
gourgeist,65,90,122,58,75,84,Grass,"['Grass', 'Ghost']",2,142,107,77,"rgb(142, 107, 77)"
bergmite,55,69,85,32,35,28,Ice,['Ice'],1,156,169,190,"rgb(156, 169, 190)"
avalugg,95,117,184,44,46,28,Ice,['Ice'],2,145,158,192,"rgb(145, 158, 192)"
noibat,40,30,35,45,40,55,Flying,"['Flying', 'Dragon']",1,113,86,117,"rgb(113, 86, 117)"
noivern,85,70,80,97,80,123,Flying,"['Flying', 'Dragon']",2,99,84,102,"rgb(99, 84, 102)"
xerneas,126,131,95,131,98,99,Fairy,['Fairy'],1,97,98,99,"rgb(97, 98, 99)"
yveltal,126,131,95,131,98,99,Flying,"['Flying', 'Dark']",1,118,69,69,"rgb(118, 69, 69)"
zygarde,108,100,121,81,95,95,Ground,"['Ground', 'Dragon']",1,99,104,67,"rgb(99, 104, 67)"
diancie,50,100,150,100,150,50,Fairy,"['Fairy', 'Rock']",1,163,144,161,"rgb(163, 144, 161)"
hoopa,80,110,60,150,130,70,Dark,"['Dark', 'Ghost', 'Psychic']",1,146,112,105,"rgb(146, 112, 105)"
volcanion,80,110,120,130,90,70,Fire,"['Fire', 'Water']",1,121,55,52,"rgb(121, 55, 52)"
rowlet,68,55,55,50,50,42,Grass,"['Grass', 'Flying']",1,69,98,80,"rgb(69, 98, 80)"
dartrix,78,75,75,70,70,52,Grass,"['Grass', 'Flying']",2,123,121,73,"rgb(123, 121, 73)"
decidueye,78,107,75,100,100,70,Grass,"['Grass', 'Ghost']",3,126,121,89,"rgb(126, 121, 89)"
litten,45,65,40,60,40,70,Fire,['Fire'],1,112,79,71,"rgb(112, 79, 71)"
torracat,65,85,50,80,50,90,Fire,['Fire'],2,143,85,66,"rgb(143, 85, 66)"
incineroar,95,115,90,80,90,60,Fire,"['Fire', 'Dark']",3,143,82,72,"rgb(143, 82, 72)"
popplio,50,54,54,66,56,40,Water,['Water'],1,76,96,139,"rgb(76, 96, 139)"
brionne,60,69,69,91,81,50,Water,['Water'],2,94,146,177,"rgb(94, 146, 177)"
primarina,80,74,74,126,116,60,Fairy,"['Fairy', 'Water']",3,87,142,169,"rgb(87, 142, 169)"
pikipek,35,75,30,30,30,65,Normal,"['Normal', 'Flying']",1,83,65,59,"rgb(83, 65, 59)"
trumbeak,55,85,50,40,50,75,Normal,"['Normal', 'Flying']",2,81,72,64,"rgb(81, 72, 64)"
toucannon,80,120,75,75,75,60,Normal,"['Normal', 'Flying']",3,95,68,56,"rgb(95, 68, 56)"
yungoos,48,70,30,30,30,45,Normal,['Normal'],1,173,133,105,"rgb(173, 133, 105)"
gumshoos,88,110,60,55,60,45,Normal,['Normal'],2,154,133,94,"rgb(154, 133, 94)"
grubbin,47,62,45,55,45,46,Bug,['Bug'],1,157,98,66,"rgb(157, 98, 66)"
charjabug,57,82,95,55,75,36,Electric,"['Electric', 'Bug']",2,108,133,102,"rgb(108, 133, 102)"
vikavolt,77,70,90,145,75,43,Electric,"['Electric', 'Bug']",3,61,85,101,"rgb(61, 85, 101)"
crabrawler,47,82,57,42,47,63,Fighting,['Fighting'],1,64,116,141,"rgb(64, 116, 141)"
crabominable,97,132,77,62,67,43,Fighting,"['Fighting', 'Ice']",2,85,94,114,"rgb(85, 94, 114)"
oricorio,75,70,70,98,70,93,Fire,"['Fire', 'Psychic', 'Flying', 'Electric', 'Ghost']",1,150,65,68,"rgb(150, 65, 68)"
cutiefly,40,45,40,55,40,84,Fairy,"['Fairy', 'Bug']",1,182,163,111,"rgb(182, 163, 111)"
ribombee,60,55,60,95,70,124,Fairy,"['Fairy', 'Bug']",2,91,74,54,"rgb(91, 74, 54)"
rockruff,45,65,40,30,40,60,Rock,['Rock'],1,99,81,76,"rgb(99, 81, 76)"
lycanroc,75,115,65,55,65,112,Rock,['Rock'],2,86,78,72,"rgb(86, 78, 72)"
wishiwashi,45,20,20,25,25,40,Water,['Water'],1,84,107,133,"rgb(84, 107, 133)"
mareanie,50,53,62,43,52,45,Water,"['Water', 'Poison']",1,138,169,183,"rgb(138, 169, 183)"
toxapex,50,63,152,53,142,35,Water,"['Water', 'Poison']",2,97,94,125,"rgb(97, 94, 125)"
mudbray,70,100,70,45,55,45,Ground,['Ground'],1,120,96,86,"rgb(120, 96, 86)"
mudsdale,100,125,100,55,85,35,Ground,['Ground'],2,117,80,73,"rgb(117, 80, 73)"
dewpider,38,40,52,40,72,27,Bug,"['Bug', 'Water']",1,104,137,107,"rgb(104, 137, 107)"
araquanid,68,70,92,50,132,42,Bug,"['Bug', 'Water']",2,113,142,122,"rgb(113, 142, 122)"
fomantis,40,55,35,50,35,35,Grass,['Grass'],1,119,156,133,"rgb(119, 156, 133)"
lurantis,70,105,90,80,90,45,Grass,['Grass'],2,176,105,109,"rgb(176, 105, 109)"
morelull,40,35,55,65,75,15,Grass,"['Grass', 'Fairy']",1,87,77,85,"rgb(87, 77, 85)"
shiinotic,60,45,80,90,100,30,Grass,"['Grass', 'Fairy']",2,152,120,147,"rgb(152, 120, 147)"
salandit,48,44,40,71,40,77,Fire,"['Fire', 'Poison']",1,82,69,64,"rgb(82, 69, 64)"
salazzle,68,64,60,111,60,117,Fire,"['Fire', 'Poison']",2,105,87,96,"rgb(105, 87, 96)"
stufful,70,75,50,45,50,50,Normal,"['Normal', 'Fighting']",1,80,57,48,"rgb(80, 57, 48)"
bewear,120,125,80,55,60,60,Normal,"['Normal', 'Fighting']",2,62,56,54,"rgb(62, 56, 54)"
bounsweet,42,30,38,30,38,32,Grass,['Grass'],1,166,141,121,"rgb(166, 141, 121)"
steenee,52,40,48,40,48,62,Grass,['Grass'],2,137,149,101,"rgb(137, 149, 101)"
tsareena,72,120,98,50,98,72,Grass,['Grass'],3,142,142,100,"rgb(142, 142, 100)"
comfey,51,52,90,82,110,100,Fairy,['Fairy'],1,198,154,111,"rgb(198, 154, 111)"
oranguru,90,60,80,90,110,60,Normal,"['Normal', 'Psychic']",1,107,101,105,"rgb(107, 101, 105)"
passimian,100,120,90,40,60,80,Fighting,['Fighting'],1,85,91,76,"rgb(85, 91, 76)"
wimpod,25,35,40,20,30,80,Bug,"['Bug', 'Water']",1,118,100,118,"rgb(118, 100, 118)"
golisopod,75,125,140,60,90,40,Bug,"['Bug', 'Water']",2,100,101,99,"rgb(100, 101, 99)"
sandygast,55,55,80,70,45,15,Ground,"['Ground', 'Ghost']",1,124,98,86,"rgb(124, 98, 86)"
palossand,85,75,110,100,75,35,Ground,"['Ground', 'Ghost']",2,208,154,109,"rgb(208, 154, 109)"
pyukumuku,55,60,130,30,130,5,Water,['Water'],1,105,72,81,"rgb(105, 72, 81)"
type-null,95,95,95,95,95,59,Normal,['Normal'],1,99,92,88,"rgb(99, 92, 88)"
silvally,95,95,95,95,95,95,Normal,['Normal'],2,67,71,74,"rgb(67, 71, 74)"
minior,60,60,100,60,100,60,Flying,"['Flying', 'Rock']",1,119,97,95,"rgb(119, 97, 95)"
komala,65,115,65,75,95,65,Normal,['Normal'],1,98,93,87,"rgb(98, 93, 87)"
turtonator,60,78,135,91,85,36,Fire,"['Fire', 'Dragon']",1,155,103,72,"rgb(155, 103, 72)"
togedemaru,65,98,63,40,73,96,Steel,"['Steel', 'Electric']",1,73,67,60,"rgb(73, 67, 60)"
mimikyu,55,90,80,50,105,96,Fairy,"['Fairy', 'Ghost']",1,116,104,82,"rgb(116, 104, 82)"
bruxish,68,105,70,70,70,92,Water,"['Water', 'Psychic']",1,166,123,128,"rgb(166, 123, 128)"
drampa,78,60,85,135,91,36,Normal,"['Normal', 'Dragon']",1,132,157,144,"rgb(132, 157, 144)"
dhelmise,70,131,100,86,90,40,Grass,"['Grass', 'Ghost']",1,70,89,89,"rgb(70, 89, 89)"
jangmo-o,45,55,65,45,45,45,Dragon,['Dragon'],1,86,84,81,"rgb(86, 84, 81)"
hakamo-o,55,75,90,65,70,65,Fighting,"['Fighting', 'Dragon']",2,136,121,77,"rgb(136, 121, 77)"
kommo-o,75,110,125,100,105,85,Fighting,"['Fighting', 'Dragon']",3,149,137,102,"rgb(149, 137, 102)"
tapu-koko,70,115,85,95,75,130,Fairy,"['Fairy', 'Electric']",1,135,109,60,"rgb(135, 109, 60)"
tapu-lele,70,85,75,130,115,95,Fairy,"['Fairy', 'Psychic']",1,138,85,95,"rgb(138, 85, 95)"
tapu-bulu,70,130,115,85,95,75,Grass,"['Grass', 'Fairy']",1,122,79,61,"rgb(122, 79, 61)"
tapu-fini,70,75,115,95,130,85,Fairy,"['Fairy', 'Water']",1,86,80,106,"rgb(86, 80, 106)"
cosmog,43,29,31,29,31,37,Psychic,['Psychic'],1,52,92,146,"rgb(52, 92, 146)"
cosmoem,43,29,131,29,131,37,Psychic,['Psychic'],2,124,111,96,"rgb(124, 111, 96)"
solgaleo,137,137,107,113,89,97,Steel,"['Steel', 'Psychic']",3,84,78,70,"rgb(84, 78, 70)"
lunala,137,113,89,137,107,97,Ghost,"['Ghost', 'Psychic']",4,71,60,107,"rgb(71, 60, 107)"
nihilego,109,53,47,127,131,103,Rock,"['Rock', 'Poison']",1,151,167,192,"rgb(151, 167, 192)"
buzzwole,107,139,139,53,53,79,Fighting,"['Fighting', 'Bug']",1,124,53,46,"rgb(124, 53, 46)"
pheromosa,71,137,37,137,37,151,Fighting,"['Fighting', 'Bug']",1,206,196,183,"rgb(206, 196, 183)"
xurkitree,83,89,71,173,71,83,Electric,['Electric'],1,68,63,54,"rgb(68, 63, 54)"
celesteela,97,101,103,107,101,61,Flying,"['Flying', 'Steel']",1,94,131,121,"rgb(94, 131, 121)"
kartana,59,181,131,59,31,109,Grass,"['Grass', 'Steel']",1,171,133,70,"rgb(171, 133, 70)"
guzzlord,223,101,53,97,53,43,Dragon,"['Dragon', 'Dark']",1,57,74,83,"rgb(57, 74, 83)"
necrozma,97,107,101,127,89,79,Steel,"['Steel', 'Dragon', 'Ghost', 'Psychic']",1,53,51,52,"rgb(53, 51, 52)"
magearna,80,95,115,130,115,65,Fairy,"['Fairy', 'Steel']",1,124,115,108,"rgb(124, 115, 108)"
marshadow,90,125,80,90,90,125,Fighting,"['Fighting', 'Ghost']",1,90,88,97,"rgb(90, 88, 97)"
poipole,67,73,67,73,67,73,Poison,['Poison'],1,100,63,125,"rgb(100, 63, 125)"
naganadel,73,73,73,127,73,121,Dragon,"['Dragon', 'Poison']",2,92,64,132,"rgb(92, 64, 132)"
stakataka,61,131,211,53,101,13,Steel,"['Steel', 'Rock']",1,87,89,85,"rgb(87, 89, 85)"
blacephalon,53,127,53,151,79,107,Fire,"['Fire', 'Ghost']",1,121,119,132,"rgb(121, 119, 132)"
zeraora,88,112,75,102,80,143,Electric,['Electric'],1,148,136,74,"rgb(148, 136, 74)"
