pokemon,hp,att,defs,spatt,spdef,spe,type,types,evo_stage
bulbasaur,45,49,49,65,65,45,Grass,"['Grass', 'Poison']",1
ivysaur,60,62,63,80,80,60,Grass,"['Grass', 'Poison']",2
venusaur,80,82,83,100,100,80,Grass,"['Grass', 'Poison']",3
charmander,39,52,43,60,50,65,Fire,['Fire'],1
charmeleon,58,64,58,80,65,80,Fire,['Fire'],2
charizard,78,84,78,109,85,100,Fire,"['Fire', 'Flying', 'Dragon']",3
squirtle,44,48,65,50,64,43,Water,['Water'],1
wartortle,59,63,80,65,80,58,Water,['Water'],2
blastoise,79,83,100,85,105,78,Water,['Water'],3
caterpie,45,30,35,20,20,45,Bug,['Bug'],1
metapod,50,20,55,25,25,30,Bug,['Bug'],2
butterfree,60,45,50,90,80,70,Flying,"['Flying', 'Bug']",3
weedle,40,35,30,20,20,50,Bug,"['Bug', 'Poison']",1
kakuna,45,25,50,25,25,35,Bug,"['Bug', 'Poison']",2
beedrill,65,90,40,45,80,75,Bug,"['Bug', 'Poison']",3
pidgey,40,45,40,35,35,56,Normal,"['Normal', 'Flying']",1
pidgeotto,63,60,55,50,50,71,Normal,"['Normal', 'Flying']",2
pidgeot,83,80,75,70,70,101,Normal,"['Normal', 'Flying']",3
rattata,30,56,35,25,35,72,Normal,"['Normal', 'Dark']",1
raticate,55,81,60,50,70,97,Normal,"['Normal', 'Dark']",2
spearow,40,60,30,31,31,70,Normal,"['Normal', 'Flying']",1
fearow,65,90,65,61,61,100,Normal,"['Normal', 'Flying']",2
ekans,35,60,44,40,54,55,Poison,['Poison'],1
arbok,60,95,69,65,79,80,Poison,['Poison'],2
pikachu,35,55,40,50,50,90,Electric,['Electric'],2
raichu,60,90,55,90,80,110,Electric,"['Electric', 'Psychic']",3
sandshrew,50,75,85,20,30,40,Ground,"['Ground', 'Steel', 'Ice']",1
sandslash,75,100,110,45,55,65,Ground,"['Ground', 'Steel', 'Ice']",2
nidoran-f,55,47,52,40,40,41,Poison,['Poison'],1
nidorina,70,62,67,55,55,56,Poison,['Poison'],2
nidoqueen,90,92,87,75,85,76,Ground,"['Ground', 'Poison']",3
nidoran-m,46,57,40,40,40,50,Poison,['Poison'],1
nidorino,61,72,57,55,55,65,Poison,['Poison'],2
nidoking,81,102,77,85,75,85,Ground,"['Ground', 'Poison']",3
clefairy,70,45,48,60,65,35,Fairy,['Fairy'],2
clefable,95,70,73,95,90,60,Fairy,['Fairy'],3
vulpix,38,41,40,50,65,65,Fire,"['Fire', 'Ice']",1
ninetales,73,76,75,81,100,100,Fire,"['Fire', 'Fairy', 'Ice']",2
jigglypuff,115,45,20,45,25,20,Normal,"['Normal', 'Fairy']",2
wigglytuff,140,70,45,85,50,45,Normal,"['Normal', 'Fairy']",3
zubat,40,45,35,30,40,55,Flying,"['Flying', 'Poison']",1
golbat,75,80,70,65,75,90,Flying,"['Flying', 'Poison']",2
oddish,45,50,55,75,65,30,Grass,"['Grass', 'Poison']",1
gloom,60,65,70,85,75,40,Grass,"['Grass', 'Poison']",2
vileplume,75,80,85,110,90,50,Grass,"['Grass', 'Poison']",3
paras,35,70,55,45,55,25,Grass,"['Grass', 'Bug']",1
parasect,60,95,80,60,80,30,Grass,"['Grass', 'Bug']",2
venonat,60,55,50,40,55,45,Bug,"['Bug', 'Poison']",1
venomoth,70,65,60,90,75,90,Bug,"['Bug', 'Poison']",2
diglett,10,55,25,35,45,95,Ground,"['Ground', 'Steel']",1
dugtrio,35,100,50,50,70,120,Ground,"['Ground', 'Steel']",2
meowth,40,45,35,40,40,90,Normal,"['Normal', 'Dark']",1
persian,65,70,60,65,65,115,Normal,"['Normal', 'Dark']",2
psyduck,50,52,48,65,50,55,Water,['Water'],1
golduck,80,82,78,95,80,85,Water,['Water'],2
mankey,40,80,35,35,45,70,Fighting,['Fighting'],1
primeape,65,105,60,60,70,95,Fighting,['Fighting'],2
growlithe,55,70,45,70,50,60,Fire,['Fire'],1
arcanine,90,110,80,100,80,95,Fire,['Fire'],2
poliwag,40,50,40,40,40,90,Water,['Water'],1
poliwhirl,65,65,65,50,50,90,Water,['Water'],2
poliwrath,90,95,95,70,90,70,Fighting,"['Fighting', 'Water']",3
abra,25,20,15,105,55,90,Psychic,['Psychic'],1
kadabra,40,35,30,120,70,105,Psychic,['Psychic'],2
alakazam,55,50,45,135,95,120,Psychic,['Psychic'],3
machop,70,80,50,35,35,35,Fighting,['Fighting'],1
machoke,80,100,70,50,60,45,Fighting,['Fighting'],2
machamp,90,130,80,65,85,55,Fighting,['Fighting'],3
bellsprout,50,75,35,70,30,40,Grass,"['Grass', 'Poison']",1
weepinbell,65,90,50,85,45,55,Grass,"['Grass', 'Poison']",2
victreebel,80,105,65,100,70,70,Grass,"['Grass', 'Poison']",3
tentacool,40,40,35,50,100,70,Poison,"['Poison', 'Water']",1
tentacruel,80,70,65,80,120,100,Poison,"['Poison', 'Water']",2
geodude,40,80,100,30,30,20,Ground,"['Ground', 'Electric', 'Rock']",1
graveler,55,95,115,45,45,35,Ground,"['Ground', 'Electric', 'Rock']",2
golem,80,120,130,55,65,45,Ground,"['Ground', 'Electric', 'Rock']",3
ponyta,50,85,55,65,65,90,Fire,['Fire'],1
rapidash,65,100,70,80,80,105,Fire,['Fire'],2
slowpoke,90,65,65,40,40,15,Water,"['Water', 'Psychic']",1
slowbro,95,75,110,100,80,30,Water,"['Water', 'Psychic']",2
magnemite,25,35,70,95,55,45,Steel,"['Steel', 'Electric']",1
magneton,50,60,95,120,70,70,Steel,"['Steel', 'Electric']",2
farfetchd,52,90,55,58,62,60,Normal,"['Normal', 'Flying']",1
doduo,35,85,45,35,35,75,Normal,"['Normal', 'Flying']",1
dodrio,60,110,70,60,60,110,Normal,"['Normal', 'Flying']",2
seel,65,45,55,45,70,45,Water,['Water'],1
dewgong,90,70,80,70,95,70,Water,"['Water', 'Ice']",2
grimer,80,80,50,40,50,25,Poison,"['Poison', 'Dark']",1
muk,105,105,75,65,100,50,Poison,"['Poison', 'Dark']",2
shellder,30,65,100,45,25,40,Water,['Water'],1
cloyster,50,95,180,85,45,70,Water,"['Water', 'Ice']",2
gastly,30,35,30,100,35,80,Poison,"['Poison', 'Ghost']",1
haunter,45,50,45,115,55,95,Poison,"['Poison', 'Ghost']",2
gengar,60,65,60,130,75,110,Poison,"['Poison', 'Ghost']",3
onix,35,45,160,30,45,70,Ground,"['Ground', 'Rock']",1
drowzee,60,48,45,43,90,42,Psychic,['Psychic'],1
hypno,85,73,70,73,115,67,Psychic,['Psychic'],2
krabby,30,105,90,25,25,50,Water,['Water'],1
kingler,55,130,115,50,50,75,Water,['Water'],2
voltorb,40,30,50,55,55,100,Electric,['Electric'],1
electrode,60,50,70,80,80,150,Electric,['Electric'],2
exeggcute,60,40,80,60,45,40,Grass,"['Grass', 'Psychic']",1
exeggutor,95,95,85,125,75,55,Grass,"['Grass', 'Dragon', 'Psychic']",2
cubone,50,50,95,40,50,35,Ground,['Ground'],1
marowak,60,80,110,50,80,45,Ground,"['Ground', 'Fire', 'Ghost']",2
hitmonlee,50,120,53,35,110,87,Fighting,['Fighting'],2
hitmonchan,50,105,79,35,110,76,Fighting,['Fighting'],3
lickitung,90,55,75,60,75,30,Normal,['Normal'],1
koffing,40,65,95,60,45,35,Poison,['Poison'],1
weezing,65,90,120,85,70,60,Poison,['Poison'],2
rhyhorn,80,85,95,30,30,25,Ground,"['Ground', 'Rock']",1
rhydon,105,130,120,45,45,40,Ground,"['Ground', 'Rock']",2
chansey,250,5,5,35,105,50,Normal,['Normal'],2
tangela,65,55,115,100,40,60,Grass,['Grass'],1
kangaskhan,105,95,80,40,80,90,Normal,['Normal'],1
horsea,30,40,70,70,25,60,Water,['Water'],1
seadra,55,65,95,95,45,85,Water,['Water'],2
goldeen,45,67,60,35,50,63,Water,['Water'],1
seaking,80,92,65,65,80,68,Water,['Water'],2
staryu,30,45,55,70,55,85,Water,['Water'],1
starmie,60,75,85,100,85,115,Water,"['Water', 'Psychic']",2
mr-mime,40,45,65,100,120,90,Fairy,"['Fairy', 'Psychic']",2
scyther,70,110,80,55,80,105,Flying,"['Flying', 'Bug']",1
jynx,65,50,35,115,95,95,Psychic,"['Psychic', 'Ice']",2
electabuzz,65,83,57,95,85,105,Electric,['Electric'],2
magmar,65,95,57,100,85,93,Fire,['Fire'],2
pinsir,65,125,100,55,70,85,Flying,"['Flying', 'Bug']",1
tauros,75,100,95,40,70,110,Normal,['Normal'],1
magikarp,20,10,55,15,20,80,Water,['Water'],1
gyarados,95,125,79,60,100,81,Flying,"['Flying', 'Water', 'Dark']",2
lapras,130,85,80,85,95,60,Water,"['Water', 'Ice']",1
ditto,48,48,48,48,48,48,Normal,['Normal'],1
eevee,55,55,50,45,65,55,Normal,['Normal'],1
vaporeon,130,65,60,110,95,65,Water,['Water'],2
jolteon,65,65,60,110,95,130,Electric,['Electric'],3
flareon,65,130,60,95,110,65,Fire,['Fire'],4
porygon,65,60,70,85,75,40,Normal,['Normal'],1
omanyte,35,40,100,90,55,35,Rock,"['Rock', 'Water']",1
omastar,70,60,125,115,70,55,Rock,"['Rock', 'Water']",2
kabuto,30,80,90,55,45,55,Rock,"['Rock', 'Water']",1
kabutops,60,115,105,65,70,80,Rock,"['Rock', 'Water']",2
aerodactyl,80,105,65,60,75,130,Flying,"['Flying', 'Rock']",1
snorlax,160,110,65,65,110,30,Normal,['Normal'],2
articuno,90,85,100,95,125,85,Flying,"['Flying', 'Ice']",1
zapdos,90,90,85,125,90,100,Flying,"['Flying', 'Electric']",1
moltres,90,100,90,125,85,90,Fire,"['Fire', 'Flying']",1
dratini,41,64,45,50,50,50,Dragon,['Dragon'],1
dragonair,61,84,65,70,70,70,Dragon,['Dragon'],2
dragonite,91,134,95,100,100,80,Flying,"['Flying', 'Dragon']",3
mewtwo,106,110,90,154,90,130,Fighting,"['Fighting', 'Psychic']",1
mew,100,100,100,100,100,100,Psychic,['Psychic'],1
chikorita,45,49,65,49,65,45,Grass,['Grass'],1
bayleef,60,62,80,63,80,60,Grass,['Grass'],2
meganium,80,82,100,83,100,80,Grass,['Grass'],3
cyndaquil,39,52,43,60,50,65,Fire,['Fire'],1
quilava,58,64,58,80,65,80,Fire,['Fire'],2
typhlosion,78,84,78,109,85,100,Fire,['Fire'],3
totodile,50,65,64,44,48,43,Water,['Water'],1
croconaw,65,80,80,59,63,58,Water,['Water'],2
feraligatr,85,105,100,79,83,78,Water,['Water'],3
sentret,35,46,34,35,45,20,Normal,['Normal'],1
furret,85,76,64,45,55,90,Normal,['Normal'],2
hoothoot,60,30,30,36,56,50,Normal,"['Normal', 'Flying']",1
noctowl,100,50,50,86,96,70,Normal,"['Normal', 'Flying']",2
ledyba,40,20,30,40,80,55,Flying,"['Flying', 'Bug']",1
ledian,55,35,50,55,110,85,Flying,"['Flying', 'Bug']",2
spinarak,40,60,40,40,40,30,Bug,"['Bug', 'Poison']",1
ariados,70,90,70,60,70,40,Bug,"['Bug', 'Poison']",2
crobat,85,90,80,70,80,130,Flying,"['Flying', 'Poison']",3
chinchou,75,38,38,56,56,67,Electric,"['Electric', 'Water']",1
lanturn,125,58,58,76,76,67,Electric,"['Electric', 'Water']",2
pichu,20,40,15,35,35,60,Electric,['Electric'],1
cleffa,50,25,28,45,55,15,Fairy,['Fairy'],1
igglybuff,90,30,15,40,20,15,Normal,"['Normal', 'Fairy']",1
togepi,35,20,65,40,65,20,Fairy,['Fairy'],1
togetic,55,40,85,80,105,40,Flying,"['Flying', 'Fairy']",2
natu,40,50,45,70,45,70,Flying,"['Flying', 'Psychic']",1
xatu,65,75,70,95,70,95,Flying,"['Flying', 'Psychic']",2
mareep,55,40,40,65,45,35,Electric,['Electric'],1
flaaffy,70,55,55,80,60,45,Electric,['Electric'],2
ampharos,90,75,85,115,90,55,Dragon,"['Dragon', 'Electric']",3
bellossom,75,80,95,90,100,50,Grass,['Grass'],4
marill,70,20,50,20,50,40,Fairy,"['Fairy', 'Water']",2
azumarill,100,50,80,60,80,50,Fairy,"['Fairy', 'Water']",3
sudowoodo,70,100,115,30,65,30,Rock,['Rock'],2
politoed,90,75,75,90,100,70,Water,['Water'],4
hoppip,35,35,40,35,55,50,Grass,"['Grass', 'Flying']",1
skiploom,55,45,50,45,65,80,Grass,"['Grass', 'Flying']",2
jumpluff,75,55,70,55,95,110,Grass,"['Grass', 'Flying']",3
aipom,55,70,55,40,55,85,Normal,['Normal'],1
sunkern,30,30,30,30,30,30,Grass,['Grass'],1
sunflora,75,75,55,105,85,30,Grass,['Grass'],2
yanma,65,65,45,75,45,95,Flying,"['Flying', 'Bug']",1
wooper,55,45,45,25,25,15,Ground,"['Ground', 'Water']",1
quagsire,95,85,85,65,65,35,Ground,"['Ground', 'Water']",2
espeon,65,65,60,130,95,110,Psychic,['Psychic'],6
umbreon,95,65,110,60,130,65,Dark,['Dark'],7
murkrow,60,85,42,85,42,91,Flying,"['Flying', 'Dark']",1
slowking,95,75,80,100,110,30,Water,"['Water', 'Psychic']",3
misdreavus,60,60,60,85,85,85,Ghost,['Ghost'],1
unown,48,72,48,72,48,48,Psychic,['Psychic'],1
wobbuffet,190,33,58,33,58,33,Psychic,['Psychic'],2
girafarig,70,80,65,90,65,85,Normal,"['Normal', 'Psychic']",1
pineco,50,65,90,35,35,15,Bug,['Bug'],1
forretress,75,90,140,60,60,40,Steel,"['Steel', 'Bug']",2
dunsparce,100,70,70,65,65,45,Normal,['Normal'],1
gligar,65,75,105,35,65,85,Ground,"['Ground', 'Flying']",1
steelix,75,85,200,55,65,30,Ground,"['Ground', 'Steel']",2
snubbull,60,80,50,40,40,30,Fairy,['Fairy'],1
granbull,90,120,75,60,60,45,Fairy,['Fairy'],2
qwilfish,65,95,85,55,55,85,Poison,"['Poison', 'Water']",1
scizor,70,130,100,55,80,65,Steel,"['Steel', 'Bug']",2
shuckle,20,10,230,10,230,5,Bug,"['Bug', 'Rock']",1
heracross,80,125,75,40,95,85,Fighting,"['Fighting', 'Bug']",1
sneasel,55,95,55,35,75,115,Ice,"['Ice', 'Dark']",1
teddiursa,60,80,50,50,50,40,Normal,['Normal'],1
ursaring,90,130,75,75,75,55,Normal,['Normal'],2
slugma,40,40,40,70,40,20,Fire,['Fire'],1
magcargo,60,50,120,90,80,30,Fire,"['Fire', 'Rock']",2
swinub,50,50,40,30,30,50,Ground,"['Ground', 'Ice']",1
piloswine,100,100,80,60,60,50,Ground,"['Ground', 'Ice']",2
corsola,65,55,95,65,95,35,Rock,"['Rock', 'Water']",1
remoraid,35,65,35,65,35,65,Water,['Water'],1
octillery,75,105,75,105,75,45,Water,['Water'],2
delibird,45,55,45,65,45,75,Flying,"['Flying', 'Ice']",1
mantine,85,40,70,80,140,70,Flying,"['Flying', 'Water']",2
skarmory,65,80,140,40,70,70,Flying,"['Flying', 'Steel']",1
houndour,45,60,30,80,50,65,Fire,"['Fire', 'Dark']",1
houndoom,75,90,50,110,80,95,Fire,"['Fire', 'Dark']",2
kingdra,75,95,95,95,95,85,Dragon,"['Dragon', 'Water']",3
phanpy,90,60,60,40,40,40,Ground,['Ground'],1
donphan,90,120,120,60,60,50,Ground,['Ground'],2
porygon2,85,80,90,105,95,60,Normal,['Normal'],2
stantler,73,95,62,85,65,85,Normal,['Normal'],1
smeargle,55,20,35,20,45,75,Normal,['Normal'],1
tyrogue,35,35,35,35,35,35,Fighting,['Fighting'],1
hitmontop,50,95,95,35,110,70,Fighting,['Fighting'],4
smoochum,45,30,15,85,65,65,Psychic,"['Psychic', 'Ice']",1
elekid,45,63,37,65,55,95,Electric,['Electric'],1
magby,45,75,37,70,55,83,Fire,['Fire'],1
miltank,95,80,105,40,70,100,Normal,['Normal'],1
blissey,255,10,10,75,135,55,Normal,['Normal'],3
raikou,90,85,75,115,100,115,Electric,['Electric'],1
entei,115,115,85,90,75,100,Fire,['Fire'],1
suicune,100,75,115,90,115,85,Water,['Water'],1
larvitar,50,64,50,45,50,41,Ground,"['Ground', 'Rock']",1
pupitar,70,84,70,65,70,51,Ground,"['Ground', 'Rock']",2
tyranitar,100,134,110,95,100,61,Rock,"['Rock', 'Dark']",3
lugia,106,90,130,90,154,110,Flying,"['Flying', 'Psychic']",1
ho-oh,106,130,90,110,154,90,Fire,"['Fire', 'Flying']",1
celebi,100,100,100,100,100,100,Grass,"['Grass', 'Psychic']",1
treecko,40,45,35,65,55,70,Grass,['Grass'],1
grovyle,50,65,45,85,65,95,Grass,['Grass'],2
sceptile,70,85,65,105,85,120,Grass,"['Grass', 'Dragon']",3
torchic,45,60,40,70,50,45,Fire,['Fire'],1
combusken,60,85,60,85,60,55,Fire,"['Fire', 'Fighting']",2
blaziken,80,120,70,110,70,80,Fire,"['Fire', 'Fighting']",3
mudkip,50,70,50,50,50,40,Water,['Water'],1
marshtomp,70,85,70,60,70,50,Ground,"['Ground', 'Water']",2
swampert,100,110,90,85,90,60,Ground,"['Ground', 'Water']",3
poochyena,35,55,35,30,30,35,Dark,['Dark'],1
mightyena,70,90,70,60,60,70,Dark,['Dark'],2
zigzagoon,38,30,41,30,41,60,Normal,['Normal'],1
linoone,78,70,61,50,61,100,Normal,['Normal'],2
wurmple,45,45,35,20,30,20,Bug,['Bug'],1
silcoon,50,35,55,25,25,15,Bug,['Bug'],2
beautifly,60,70,50,100,50,65,Flying,"['Flying', 'Bug']",3
cascoon,50,35,55,25,25,15,Bug,['Bug'],4
dustox,60,50,70,50,90,65,Bug,"['Bug', 'Poison']",5
lotad,40,30,30,40,50,30,Grass,"['Grass', 'Water']",1
lombre,60,50,50,60,70,50,Grass,"['Grass', 'Water']",2
ludicolo,80,70,70,90,100,70,Grass,"['Grass', 'Water']",3
seedot,40,40,50,30,30,30,Grass,['Grass'],1
nuzleaf,70,70,40,60,40,60,Grass,"['Grass', 'Dark']",2
shiftry,90,100,60,90,60,80,Grass,"['Grass', 'Dark']",3
taillow,40,55,30,30,30,85,Normal,"['Normal', 'Flying']",1
swellow,60,85,60,75,50,125,Normal,"['Normal', 'Flying']",2
wingull,40,30,30,55,30,85,Flying,"['Flying', 'Water']",1
pelipper,60,50,100,95,70,65,Flying,"['Flying', 'Water']",2
ralts,28,25,25,45,35,40,Fairy,"['Fairy', 'Psychic']",1
kirlia,38,35,35,65,55,50,Fairy,"['Fairy', 'Psychic']",2
gardevoir,68,65,65,125,115,80,Fairy,"['Fairy', 'Psychic']",3
surskit,40,30,32,50,52,65,Bug,"['Bug', 'Water']",1
masquerain,70,60,62,100,82,80,Flying,"['Flying', 'Bug']",2
shroomish,60,40,60,40,60,35,Grass,['Grass'],1
breloom,60,130,80,60,60,70,Grass,"['Grass', 'Fighting']",2
slakoth,60,60,60,35,35,30,Normal,['Normal'],1
vigoroth,80,80,80,55,55,90,Normal,['Normal'],2
slaking,150,160,100,95,65,100,Normal,['Normal'],3
nincada,31,45,90,30,30,40,Ground,"['Ground', 'Bug']",1
ninjask,61,90,45,50,50,160,Flying,"['Flying', 'Bug']",2
shedinja,1,90,45,30,30,40,Bug,"['Bug', 'Ghost']",4
whismur,64,51,23,51,23,28,Normal,['Normal'],1
loudred,84,71,43,71,43,48,Normal,['Normal'],2
exploud,104,91,63,91,73,68,Normal,['Normal'],3
makuhita,72,60,30,20,30,25,Fighting,['Fighting'],1
hariyama,144,120,60,40,60,50,Fighting,['Fighting'],2
azurill,50,20,40,20,40,20,Normal,"['Normal', 'Fairy']",1
nosepass,30,45,135,45,90,30,Rock,['Rock'],1
skitty,50,45,45,35,35,50,Normal,['Normal'],1
delcatty,70,65,65,55,55,90,Normal,['Normal'],2
sableye,50,75,75,65,65,50,Ghost,"['Ghost', 'Dark']",1
mawile,50,85,85,55,55,50,Fairy,"['Fairy', 'Steel']",1
aron,50,70,100,40,40,30,Steel,"['Steel', 'Rock']",1
lairon,60,90,140,50,50,40,Steel,"['Steel', 'Rock']",2
aggron,70,110,180,60,60,50,Steel,"['Steel', 'Rock']",3
meditite,30,40,55,40,55,60,Fighting,"['Fighting', 'Psychic']",1
medicham,60,60,75,60,75,80,Fighting,"['Fighting', 'Psychic']",2
electrike,40,45,40,65,40,65,Electric,['Electric'],1
manectric,70,75,60,105,60,105,Electric,['Electric'],2
plusle,60,50,40,85,75,95,Electric,['Electric'],1
minun,60,40,50,75,85,95,Electric,['Electric'],1
volbeat,65,73,75,47,85,85,Bug,['Bug'],1
illumise,65,47,75,73,85,85,Bug,['Bug'],1
roselia,50,60,45,100,80,65,Grass,"['Grass', 'Poison']",2
gulpin,70,43,53,43,53,40,Poison,['Poison'],1
swalot,100,73,83,73,83,55,Poison,['Poison'],2
carvanha,45,90,20,65,20,65,Water,"['Water', 'Dark']",1
sharpedo,70,120,40,95,40,95,Water,"['Water', 'Dark']",2
wailmer,130,70,35,70,35,60,Water,['Water'],1
wailord,170,90,45,90,45,60,Water,['Water'],2
numel,60,60,40,65,45,35,Fire,"['Fire', 'Ground']",1
camerupt,70,100,70,105,75,40,Fire,"['Fire', 'Ground']",2
torkoal,70,85,140,85,70,20,Fire,['Fire'],1
spoink,60,25,35,70,80,60,Psychic,['Psychic'],1
grumpig,80,45,65,90,110,80,Psychic,['Psychic'],2
spinda,60,60,60,60,60,60,Normal,['Normal'],1
trapinch,45,100,45,45,45,10,Ground,['Ground'],1
vibrava,50,70,50,50,50,70,Ground,"['Ground', 'Dragon']",2
flygon,80,100,80,80,80,100,Ground,"['Ground', 'Dragon']",3
cacnea,50,85,40,85,40,35,Grass,['Grass'],1
cacturne,70,115,60,115,60,55,Grass,"['Grass', 'Dark']",2
swablu,45,40,60,40,75,50,Normal,"['Normal', 'Flying']",1
altaria,75,70,90,70,105,80,Flying,"['Flying', 'Dragon', 'Fairy']",2
zangoose,73,115,60,60,60,90,Normal,['Normal'],1
seviper,73,100,60,100,60,65,Poison,['Poison'],1
lunatone,90,55,65,95,85,70,Rock,"['Rock', 'Psychic']",1
solrock,90,95,85,55,65,70,Rock,"['Rock', 'Psychic']",1
barboach,50,48,43,46,41,60,Ground,"['Ground', 'Water']",1
whiscash,110,78,73,76,71,60,Ground,"['Ground', 'Water']",2
corphish,43,80,65,50,35,35,Water,['Water'],1
crawdaunt,63,120,85,90,55,55,Water,"['Water', 'Dark']",2
baltoy,40,40,55,40,70,55,Ground,"['Ground', 'Psychic']",1
claydol,60,70,105,70,120,75,Ground,"['Ground', 'Psychic']",2
lileep,66,41,77,61,87,23,Grass,"['Grass', 'Rock']",1
cradily,86,81,97,81,107,43,Grass,"['Grass', 'Rock']",2
anorith,45,95,50,40,50,75,Bug,"['Bug', 'Rock']",1
armaldo,75,125,100,70,80,45,Bug,"['Bug', 'Rock']",2
feebas,20,15,20,10,55,80,Water,['Water'],1
milotic,95,60,79,100,125,81,Water,['Water'],2
castform,70,70,70,70,70,70,Normal,['Normal'],1
kecleon,60,90,70,60,120,40,Normal,['Normal'],1
shuppet,44,75,35,63,33,45,Ghost,['Ghost'],1
banette,64,115,65,83,63,65,Ghost,['Ghost'],2
duskull,20,40,90,30,90,25,Ghost,['Ghost'],1
dusclops,40,70,130,60,130,25,Ghost,['Ghost'],2
tropius,99,68,83,72,87,51,Grass,"['Grass', 'Flying']",1
chimecho,75,50,80,95,90,65,Psychic,['Psychic'],2
absol,65,130,60,75,60,75,Dark,['Dark'],1
wynaut,95,23,48,23,48,23,Psychic,['Psychic'],1
snorunt,50,50,50,50,50,50,Ice,['Ice'],1
glalie,80,80,80,80,80,80,Ice,['Ice'],2
spheal,70,40,50,55,50,25,Water,"['Water', 'Ice']",1
sealeo,90,60,70,75,70,45,Water,"['Water', 'Ice']",2
walrein,110,80,90,95,90,65,Water,"['Water', 'Ice']",3
clamperl,35,64,85,74,55,32,Water,['Water'],1
huntail,55,104,105,94,75,52,Water,['Water'],2
gorebyss,55,84,105,114,75,52,Water,['Water'],3
relicanth,100,90,130,45,65,55,Rock,"['Rock', 'Water']",1
luvdisc,43,30,55,40,65,97,Water,['Water'],1
bagon,45,75,60,40,30,50,Dragon,['Dragon'],1
shelgon,65,95,100,60,50,50,Dragon,['Dragon'],2
salamence,95,135,80,110,80,100,Flying,"['Flying', 'Dragon']",3
beldum,40,55,80,35,60,30,Steel,"['Steel', 'Psychic']",1
metang,60,75,100,55,80,50,Steel,"['Steel', 'Psychic']",2
metagross,80,135,130,95,90,70,Steel,"['Steel', 'Psychic']",3
regirock,80,100,200,50,100,50,Rock,['Rock'],1
regice,80,50,100,100,200,50,Ice,['Ice'],1
registeel,80,75,150,75,150,50,Steel,['Steel'],1
latias,80,80,90,110,130,110,Dragon,"['Dragon', 'Psychic']",1
latios,80,90,80,130,110,110,Dragon,"['Dragon', 'Psychic']",1
kyogre,100,100,90,150,140,90,Water,['Water'],1
groudon,100,150,140,100,90,90,Ground,"['Ground', 'Fire']",1
rayquaza,105,150,90,150,90,95,Flying,"['Flying', 'Dragon']",1
jirachi,100,100,100,100,100,100,Steel,"['Steel', 'Psychic']",1
deoxys,50,150,50,150,50,150,Psychic,['Psychic'],1
turtwig,55,68,64,45,55,31,Grass,['Grass'],1
grotle,75,89,85,55,65,36,Grass,['Grass'],2
torterra,95,109,105,75,85,56,Grass,"['Grass', 'Ground']",3
chimchar,44,58,44,58,44,61,Fire,['Fire'],1
monferno,64,78,52,78,52,81,Fire,"['Fire', 'Fighting']",2
infernape,76,104,71,104,71,108,Fire,"['Fire', 'Fighting']",3
piplup,53,51,53,61,56,40,Water,['Water'],1
prinplup,64,66,68,81,76,50,Water,['Water'],2
empoleon,84,86,88,111,101,60,Steel,"['Steel', 'Water']",3
starly,40,55,30,30,30,60,Normal,"['Normal', 'Flying']",1
staravia,55,75,50,40,40,80,Normal,"['Normal', 'Flying']",2
staraptor,85,120,70,50,60,100,Normal,"['Normal', 'Flying']",3
bidoof,59,45,40,35,40,31,Normal,['Normal'],1
bibarel,79,85,60,55,60,71,Normal,"['Normal', 'Water']",2
kricketot,37,25,41,25,41,25,Bug,['Bug'],1
kricketune,77,85,51,55,51,65,Bug,['Bug'],2
shinx,45,65,34,40,34,45,Electric,['Electric'],1
luxio,60,85,49,60,49,60,Electric,['Electric'],2
luxray,80,120,79,95,79,70,Electric,['Electric'],3
budew,40,30,35,50,70,55,Grass,"['Grass', 'Poison']",1
roserade,60,70,65,125,105,90,Grass,"['Grass', 'Poison']",3
cranidos,67,125,40,30,30,58,Rock,['Rock'],1
rampardos,97,165,60,65,50,58,Rock,['Rock'],2
shieldon,30,42,118,42,88,30,Steel,"['Steel', 'Rock']",1
bastiodon,60,52,168,47,138,30,Steel,"['Steel', 'Rock']",2
burmy,40,29,45,29,45,36,Bug,['Bug'],1
wormadam,60,59,85,79,105,36,Grass,"['Grass', 'Steel', 'Bug', 'Ground']",4
mothim,70,94,50,94,50,66,Flying,"['Flying', 'Bug']",2
combee,30,30,42,30,42,70,Flying,"['Flying', 'Bug']",1
vespiquen,70,80,102,80,102,40,Flying,"['Flying', 'Bug']",2
pachirisu,60,45,70,45,90,95,Electric,['Electric'],1
buizel,55,65,35,60,30,85,Water,['Water'],1
floatzel,85,105,55,85,50,115,Water,['Water'],2
cherubi,45,35,45,62,53,35,Grass,['Grass'],1
cherrim,70,60,70,87,78,85,Grass,['Grass'],2
shellos,76,48,48,57,62,34,Water,['Water'],1
gastrodon,111,83,68,92,82,39,Ground,"['Ground', 'Water']",2
ambipom,75,100,66,60,66,115,Normal,['Normal'],2
drifloon,90,50,34,60,44,70,Flying,"['Flying', 'Ghost']",1
drifblim,150,80,44,90,54,80,Flying,"['Flying', 'Ghost']",2
buneary,55,66,44,44,56,85,Normal,['Normal'],1
lopunny,65,76,84,54,96,105,Normal,"['Normal', 'Fighting']",2
mismagius,60,60,60,105,105,105,Ghost,['Ghost'],2
honchkrow,100,125,52,105,52,71,Flying,"['Flying', 'Dark']",2
glameow,49,55,42,42,37,85,Normal,['Normal'],1
purugly,71,82,64,64,59,112,Normal,['Normal'],2
chingling,45,30,50,65,50,45,Psychic,['Psychic'],1
stunky,63,63,47,41,41,74,Poison,"['Poison', 'Dark']",1
skuntank,103,93,67,71,61,84,Poison,"['Poison', 'Dark']",2
bronzor,57,24,86,24,86,23,Steel,"['Steel', 'Psychic']",1
bronzong,67,89,116,79,116,33,Steel,"['Steel', 'Psychic']",2
bonsly,50,80,95,10,45,10,Rock,['Rock'],1
mime-jr,20,25,45,70,90,60,Fairy,"['Fairy', 'Psychic']",1
happiny,100,5,5,15,65,30,Normal,['Normal'],1
chatot,76,65,45,92,42,91,Normal,"['Normal', 'Flying']",1
spiritomb,50,92,108,92,108,35,Ghost,"['Ghost', 'Dark']",1
gible,58,70,45,40,45,42,Ground,"['Ground', 'Dragon']",1
gabite,68,90,65,50,55,82,Ground,"['Ground', 'Dragon']",2
garchomp,108,130,95,80,85,102,Ground,"['Ground', 'Dragon']",3
munchlax,135,85,40,40,85,5,Normal,['Normal'],1
riolu,40,70,40,35,40,60,Fighting,['Fighting'],1
lucario,70,110,70,115,70,90,Fighting,"['Fighting', 'Steel']",2
hippopotas,68,72,78,38,42,32,Ground,['Ground'],1
hippowdon,108,112,118,68,72,47,Ground,['Ground'],2
skorupi,40,50,90,30,55,65,Bug,"['Bug', 'Poison']",1
drapion,70,90,110,60,75,95,Poison,"['Poison', 'Dark']",2
croagunk,48,61,40,61,40,50,Fighting,"['Fighting', 'Poison']",1
toxicroak,83,106,65,86,65,85,Fighting,"['Fighting', 'Poison']",2
carnivine,74,100,72,90,72,46,Grass,['Grass'],1
finneon,49,49,56,49,61,66,Water,['Water'],1
lumineon,69,69,76,69,86,91,Water,['Water'],2
mantyke,45,20,50,60,120,50,Flying,"['Flying', 'Water']",1
snover,60,62,50,62,60,40,Grass,"['Grass', 'Ice']",1
abomasnow,90,92,75,92,85,60,Grass,"['Grass', 'Ice']",2
weavile,70,120,65,45,85,125,Ice,"['Ice', 'Dark']",2
magnezone,70,70,115,130,90,60,Steel,"['Steel', 'Electric']",3
lickilicky,110,85,95,80,95,50,Normal,['Normal'],2
rhyperior,115,140,130,55,55,40,Ground,"['Ground', 'Rock']",3
tangrowth,100,100,125,110,50,50,Grass,['Grass'],2
electivire,75,123,67,95,85,95,Electric,['Electric'],3
magmortar,75,95,67,125,95,83,Fire,['Fire'],3
togekiss,85,50,95,120,115,80,Flying,"['Flying', 'Fairy']",3
yanmega,86,76,86,116,56,95,Flying,"['Flying', 'Bug']",2
leafeon,65,110,130,60,65,95,Grass,['Grass'],9
glaceon,65,60,110,130,95,65,Ice,['Ice'],10
gliscor,75,95,125,45,75,95,Ground,"['Ground', 'Flying']",2
mamoswine,110,130,80,70,60,80,Ground,"['Ground', 'Ice']",3
porygon-z,85,80,70,135,75,90,Normal,['Normal'],3
gallade,68,125,65,65,115,80,Fighting,"['Fighting', 'Psychic']",4
probopass,60,55,145,75,150,40,Steel,"['Steel', 'Rock']",2
dusknoir,45,100,135,65,135,45,Ghost,['Ghost'],3
froslass,70,80,70,80,70,110,Ghost,"['Ghost', 'Ice']",3
rotom,50,50,77,95,77,91,Ghost,"['Ghost', 'Fire', 'Ice', 'Grass', 'Flying', 'Electric', 'Water']",1
uxie,75,75,130,75,130,95,Psychic,['Psychic'],1
mesprit,80,105,105,105,105,80,Psychic,['Psychic'],1
azelf,75,125,70,125,70,115,Psychic,['Psychic'],1
dialga,100,120,120,150,100,90,Steel,"['Steel', 'Dragon']",1
palkia,90,120,100,150,120,100,Dragon,"['Dragon', 'Water']",1
heatran,91,90,106,130,106,77,Fire,"['Fire', 'Steel']",1
regigigas,110,160,110,80,110,100,Normal,['Normal'],1
giratina,150,100,120,100,120,90,Dragon,"['Dragon', 'Ghost']",1
cresselia,120,70,120,75,130,85,Psychic,['Psychic'],1
phione,80,80,80,80,80,80,Water,['Water'],1
manaphy,100,100,100,100,100,100,Water,['Water'],1
darkrai,70,90,90,135,90,125,Dark,['Dark'],1
shaymin,100,100,100,100,100,100,Grass,"['Grass', 'Flying']",1
arceus,120,120,120,120,120,120,Normal,['Normal'],1
victini,100,100,100,100,100,100,Fire,"['Fire', 'Psychic']",1
snivy,45,45,55,45,55,63,Grass,['Grass'],1
servine,60,60,75,60,75,83,Grass,['Grass'],2
serperior,75,75,95,75,95,113,Grass,['Grass'],3
tepig,65,63,45,45,45,45,Fire,['Fire'],1
pignite,90,93,55,70,55,55,Fire,"['Fire', 'Fighting']",2
emboar,110,123,65,100,65,65,Fire,"['Fire', 'Fighting']",3
oshawott,55,55,45,63,45,45,Water,['Water'],1
dewott,75,75,60,83,60,60,Water,['Water'],2
samurott,95,100,85,108,70,70,Water,['Water'],3
patrat,45,55,39,35,39,42,Normal,['Normal'],1
watchog,60,85,69,60,69,77,Normal,['Normal'],2
lillipup,45,60,45,25,45,55,Normal,['Normal'],1
herdier,65,80,65,35,65,60,Normal,['Normal'],2
stoutland,85,110,90,45,90,80,Normal,['Normal'],3
purrloin,41,50,37,50,37,66,Dark,['Dark'],1
liepard,64,88,50,88,50,106,Dark,['Dark'],2
pansage,50,53,48,53,48,64,Grass,['Grass'],1
simisage,75,98,63,98,63,101,Grass,['Grass'],2
pansear,50,53,48,53,48,64,Fire,['Fire'],1
simisear,75,98,63,98,63,101,Fire,['Fire'],2
panpour,50,53,48,53,48,64,Water,['Water'],1
simipour,75,98,63,98,63,101,Water,['Water'],2
munna,76,25,45,67,55,24,Psychic,['Psychic'],1
musharna,116,55,85,107,95,29,Psychic,['Psychic'],2
pidove,50,55,50,36,30,43,Normal,"['Normal', 'Flying']",1
tranquill,62,77,62,50,42,65,Normal,"['Normal', 'Flying']",2
unfezant,80,115,80,65,55,93,Normal,"['Normal', 'Flying']",3
blitzle,45,60,32,50,32,76,Electric,['Electric'],1
zebstrika,75,100,63,80,63,116,Electric,['Electric'],2
roggenrola,55,75,85,25,25,15,Rock,['Rock'],1
boldore,70,105,105,50,40,20,Rock,['Rock'],2
gigalith,85,135,130,60,80,25,Rock,['Rock'],3
woobat,65,45,43,55,43,72,Flying,"['Flying', 'Psychic']",1
swoobat,67,57,55,77,55,114,Flying,"['Flying', 'Psychic']",2
drilbur,60,85,40,30,45,68,Ground,['Ground'],1
excadrill,110,135,60,50,65,88,Ground,"['Ground', 'Steel']",2
audino,103,60,86,60,86,50,Normal,"['Normal', 'Fairy']",1
timburr,75,80,55,25,35,35,Fighting,['Fighting'],1
gurdurr,85,105,85,40,50,40,Fighting,['Fighting'],2
conkeldurr,105,140,95,55,65,45,Fighting,['Fighting'],3
tympole,50,50,40,50,40,64,Water,['Water'],1
palpitoad,75,65,55,65,55,69,Ground,"['Ground', 'Water']",2
seismitoad,105,95,75,85,75,74,Ground,"['Ground', 'Water']",3
throh,120,100,85,30,85,45,Fighting,['Fighting'],1
sawk,75,125,75,30,75,85,Fighting,['Fighting'],1
sewaddle,45,53,70,40,60,42,Grass,"['Grass', 'Bug']",1
swadloon,55,63,90,50,80,42,Grass,"['Grass', 'Bug']",2
leavanny,75,103,80,70,80,92,Grass,"['Grass', 'Bug']",3
venipede,30,45,59,30,39,57,Bug,"['Bug', 'Poison']",1
whirlipede,40,55,99,40,79,47,Bug,"['Bug', 'Poison']",2
scolipede,60,100,89,55,69,112,Bug,"['Bug', 'Poison']",3
cottonee,40,27,60,37,50,66,Grass,"['Grass', 'Fairy']",1
whimsicott,60,67,85,77,75,116,Grass,"['Grass', 'Fairy']",2
petilil,45,35,50,70,50,30,Grass,['Grass'],1
lilligant,70,60,75,110,75,90,Grass,['Grass'],2
basculin,70,92,65,80,55,98,Water,['Water'],1
sandile,50,72,35,35,35,65,Ground,"['Ground', 'Dark']",1
krokorok,60,82,45,45,45,74,Ground,"['Ground', 'Dark']",2
krookodile,95,117,80,65,70,92,Ground,"['Ground', 'Dark']",3
darumaka,70,90,45,15,45,50,Fire,['Fire'],1
darmanitan,105,140,55,30,55,95,Fire,"['Fire', 'Psychic']",2
maractus,75,86,67,106,67,60,Grass,['Grass'],1
dwebble,50,65,85,35,35,55,Bug,"['Bug', 'Rock']",1
crustle,70,105,125,65,75,45,Bug,"['Bug', 'Rock']",2
scraggy,50,75,70,35,70,48,Fighting,"['Fighting', 'Dark']",1
scrafty,65,90,115,45,115,58,Fighting,"['Fighting', 'Dark']",2
sigilyph,72,58,80,103,80,97,Flying,"['Flying', 'Psychic']",1
yamask,38,30,85,55,65,30,Ghost,['Ghost'],1
cofagrigus,58,50,145,95,105,30,Ghost,['Ghost'],2
tirtouga,54,78,103,53,45,22,Rock,"['Rock', 'Water']",1
carracosta,74,108,133,83,65,32,Rock,"['Rock', 'Water']",2
archen,55,112,45,74,45,70,Flying,"['Flying', 'Rock']",1
archeops,75,140,65,112,65,110,Flying,"['Flying', 'Rock']",2
trubbish,50,50,62,40,62,65,Poison,['Poison'],1
garbodor,80,95,82,60,82,75,Poison,['Poison'],2
zorua,40,65,40,80,40,65,Dark,['Dark'],1
zoroark,60,105,60,120,60,105,Dark,['Dark'],2
minccino,55,50,40,40,40,75,Normal,['Normal'],1
cinccino,75,95,60,65,60,115,Normal,['Normal'],2
gothita,45,30,50,55,65,45,Psychic,['Psychic'],1
gothorita,60,45,70,75,85,55,Psychic,['Psychic'],2
gothitelle,70,55,95,95,110,65,Psychic,['Psychic'],3
solosis,45,30,40,105,50,20,Psychic,['Psychic'],1
duosion,65,40,50,125,60,30,Psychic,['Psychic'],2
reuniclus,110,65,75,125,85,30,Psychic,['Psychic'],3
ducklett,62,44,50,44,50,55,Flying,"['Flying', 'Water']",1
swanna,75,87,63,87,63,98,Flying,"['Flying', 'Water']",2
vanillite,36,50,50,65,60,44,Ice,['Ice'],1
vanillish,51,65,65,80,75,59,Ice,['Ice'],2
vanilluxe,71,95,85,110,95,79,Ice,['Ice'],3
deerling,60,60,50,40,50,75,Normal,"['Normal', 'Grass']",1
sawsbuck,80,100,70,60,70,95,Normal,"['Normal', 'Grass']",2
emolga,55,75,60,75,60,103,Flying,"['Flying', 'Electric']",1
karrablast,50,75,45,40,45,60,Bug,['Bug'],1
escavalier,70,135,105,60,105,20,Steel,"['Steel', 'Bug']",2
foongus,69,55,45,55,55,15,Grass,"['Grass', 'Poison']",1
amoonguss,114,85,70,85,80,30,Grass,"['Grass', 'Poison']",2
frillish,55,40,50,65,85,40,Water,"['Water', 'Ghost']",1
jellicent,100,60,70,85,105,60,Water,"['Water', 'Ghost']",2
alomomola,165,75,80,40,45,65,Water,['Water'],1
joltik,50,47,50,57,50,65,Electric,"['Electric', 'Bug']",1
galvantula,70,77,60,97,60,108,Electric,"['Electric', 'Bug']",2
ferroseed,44,50,91,24,86,10,Grass,"['Grass', 'Steel']",1
ferrothorn,74,94,131,54,116,20,Grass,"['Grass', 'Steel']",2
klink,40,55,70,45,60,30,Steel,['Steel'],1
klang,60,80,95,70,85,50,Steel,['Steel'],2
klinklang,60,100,115,70,85,90,Steel,['Steel'],3
tynamo,35,55,40,45,40,60,Electric,['Electric'],1
eelektrik,65,85,70,75,70,40,Electric,['Electric'],2
eelektross,85,115,80,105,80,50,Electric,['Electric'],3
elgyem,55,55,55,85,55,30,Psychic,['Psychic'],1
beheeyem,75,75,75,125,95,40,Psychic,['Psychic'],2
litwick,50,30,55,65,55,20,Fire,"['Fire', 'Ghost']",1
lampent,60,40,60,95,60,55,Fire,"['Fire', 'Ghost']",2
chandelure,60,55,90,145,90,80,Fire,"['Fire', 'Ghost']",3
axew,46,87,60,30,40,57,Dragon,['Dragon'],1
fraxure,66,117,70,40,50,67,Dragon,['Dragon'],2
haxorus,76,147,90,60,70,97,Dragon,['Dragon'],3
cubchoo,55,70,40,60,40,40,Ice,['Ice'],1
beartic,95,130,80,70,80,50,Ice,['Ice'],2
cryogonal,80,50,50,95,135,105,Ice,['Ice'],1
shelmet,50,40,85,40,65,25,Bug,['Bug'],1
accelgor,80,70,40,100,60,145,Bug,['Bug'],2
stunfisk,109,66,84,81,99,32,Ground,"['Ground', 'Electric']",1
mienfoo,45,85,50,55,50,65,Fighting,['Fighting'],1
mienshao,65,125,60,95,60,105,Fighting,['Fighting'],2
druddigon,77,120,90,60,90,48,Dragon,['Dragon'],1
golett,59,74,50,35,50,35,Ground,"['Ground', 'Ghost']",1
golurk,89,124,80,55,80,55,Ground,"['Ground', 'Ghost']",2
pawniard,45,85,70,40,40,60,Steel,"['Steel', 'Dark']",1
bisharp,65,125,100,60,70,70,Steel,"['Steel', 'Dark']",2
bouffalant,95,110,95,40,95,55,Normal,['Normal'],1
rufflet,70,83,50,37,50,60,Normal,"['Normal', 'Flying']",1
braviary,100,123,75,57,75,80,Normal,"['Normal', 'Flying']",2
vullaby,70,55,75,45,65,60,Flying,"['Flying', 'Dark']",1
mandibuzz,110,65,105,55,95,80,Flying,"['Flying', 'Dark']",2
heatmor,85,97,66,105,66,65,Fire,['Fire'],1
durant,58,109,112,48,48,109,Steel,"['Steel', 'Bug']",1
deino,52,65,50,45,50,38,Dragon,"['Dragon', 'Dark']",1
zweilous,72,85,70,65,70,58,Dragon,"['Dragon', 'Dark']",2
hydreigon,92,105,90,125,90,98,Dragon,"['Dragon', 'Dark']",3
larvesta,55,85,55,50,55,60,Fire,"['Fire', 'Bug']",1
volcarona,85,60,65,135,105,100,Fire,"['Fire', 'Bug']",2
cobalion,91,90,129,90,72,108,Fighting,"['Fighting', 'Steel']",1
terrakion,91,129,90,72,90,108,Fighting,"['Fighting', 'Rock']",1
virizion,91,90,72,90,129,108,Grass,"['Grass', 'Fighting']",1
tornadus,79,115,70,125,80,111,Flying,['Flying'],1
thundurus,79,115,70,125,80,111,Flying,"['Flying', 'Electric']",1
reshiram,100,120,100,150,120,90,Fire,"['Fire', 'Dragon']",1
zekrom,100,150,120,120,100,90,Dragon,"['Dragon', 'Electric']",1
landorus,89,125,90,115,80,101,Ground,"['Ground', 'Flying']",1
kyurem,125,130,90,130,90,95,Dragon,"['Dragon', 'Ice']",1
keldeo,91,72,90,129,90,108,Fighting,"['Fighting', 'Water']",1
meloetta,100,77,77,128,128,90,Normal,"['Normal', 'Fighting', 'Psychic']",1
genesect,71,120,95,120,95,99,Steel,"['Steel', 'Bug']",1
chespin,56,61,65,48,45,38,Grass,['Grass'],1
quilladin,61,78,95,56,58,57,Grass,['Grass'],2
chesnaught,88,107,122,74,75,64,Grass,"['Grass', 'Fighting']",3
fennekin,40,45,40,62,60,60,Fire,['Fire'],1
braixen,59,59,58,90,70,73,Fire,['Fire'],2
delphox,75,69,72,114,100,104,Fire,"['Fire', 'Psychic']",3
froakie,41,56,40,62,44,71,Water,['Water'],1
frogadier,54,63,52,83,56,97,Water,['Water'],2
greninja,72,95,67,103,71,122,Water,"['Water', 'Dark']",3
bunnelby,38,36,38,32,36,57,Normal,['Normal'],1
diggersby,85,56,77,50,77,78,Normal,"['Normal', 'Ground']",2
fletchling,45,50,43,40,38,62,Normal,"['Normal', 'Flying']",1
fletchinder,62,73,55,56,52,84,Fire,"['Fire', 'Flying']",2
talonflame,78,81,71,74,69,126,Fire,"['Fire', 'Flying']",3
scatterbug,38,35,40,27,25,35,Bug,['Bug'],1
spewpa,45,22,60,27,30,29,Bug,['Bug'],2
vivillon,80,52,50,90,50,89,Flying,"['Flying', 'Bug']",3
litleo,62,50,58,73,54,72,Fire,"['Fire', 'Normal']",1
pyroar,86,68,72,109,66,106,Fire,"['Fire', 'Normal']",2
flabebe,44,38,39,61,79,42,Fairy,['Fairy'],1
floette,54,45,47,75,98,52,Fairy,['Fairy'],2
florges,78,65,68,112,154,75,Fairy,['Fairy'],3
skiddo,66,65,48,62,57,52,Grass,['Grass'],1
gogoat,123,100,62,97,81,68,Grass,['Grass'],2
pancham,67,82,62,46,48,43,Fighting,['Fighting'],1
pangoro,95,124,78,69,71,58,Fighting,"['Fighting', 'Dark']",2
furfrou,75,80,60,65,90,102,Normal,['Normal'],1
espurr,62,48,54,63,60,68,Psychic,['Psychic'],1
meowstic,74,48,76,83,81,104,Psychic,['Psychic'],2
honedge,45,80,100,35,37,28,Steel,"['Steel', 'Ghost']",1
doublade,59,110,150,45,49,35,Steel,"['Steel', 'Ghost']",2
aegislash,60,150,50,150,50,60,Steel,"['Steel', 'Ghost']",3
spritzee,78,52,60,63,65,23,Fairy,['Fairy'],1
aromatisse,101,72,72,99,89,29,Fairy,['Fairy'],2
swirlix,62,48,66,59,57,49,Fairy,['Fairy'],1
slurpuff,82,80,86,85,75,72,Fairy,['Fairy'],2
inkay,53,54,53,37,46,45,Psychic,"['Psychic', 'Dark']",1
malamar,86,92,88,68,75,73,Psychic,"['Psychic', 'Dark']",2
binacle,42,52,67,39,56,50,Rock,"['Rock', 'Water']",1
barbaracle,72,105,115,54,86,68,Rock,"['Rock', 'Water']",2
skrelp,50,60,60,60,60,30,Water,"['Water', 'Poison']",1
dragalge,65,75,90,97,123,44,Dragon,"['Dragon', 'Poison']",2
clauncher,50,53,62,58,63,44,Water,['Water'],1
clawitzer,71,73,88,120,89,59,Water,['Water'],2
helioptile,44,38,33,61,43,70,Normal,"['Normal', 'Electric']",1
heliolisk,62,55,52,109,94,109,Normal,"['Normal', 'Electric']",2
tyrunt,58,89,77,45,45,48,Dragon,"['Dragon', 'Rock']",1
tyrantrum,82,121,119,69,59,71,Dragon,"['Dragon', 'Rock']",2
amaura,77,59,50,67,63,46,Rock,"['Rock', 'Ice']",1
aurorus,123,77,72,99,92,58,Rock,"['Rock', 'Ice']",2
sylveon,95,65,65,110,130,60,Fairy,['Fairy'],12
hawlucha,78,92,75,74,63,118,Fighting,"['Fighting', 'Flying']",1
dedenne,67,58,57,81,67,101,Fairy,"['Fairy', 'Electric']",1
carbink,50,50,150,50,150,50,Fairy,"['Fairy', 'Rock']",1
goomy,45,50,35,55,75,40,Dragon,['Dragon'],1
sliggoo,68,75,53,83,113,60,Dragon,['Dragon'],2
goodra,90,100,70,110,150,80,Dragon,['Dragon'],3
klefki,57,80,91,80,87,75,Fairy,"['Fairy', 'Steel']",1
phantump,43,70,48,50,60,38,Grass,"['Grass', 'Ghost']",1
trevenant,85,110,76,65,82,56,Grass,"['Grass', 'Ghost']",2
pumpkaboo,49,66,70,44,55,51,Grass,"['Grass', 'Ghost']",1
gourgeist,65,90,122,58,75,84,Grass,"['Grass', 'Ghost']",2
bergmite,55,69,85,32,35,28,Ice,['Ice'],1
avalugg,95,117,184,44,46,28,Ice,['Ice'],2
noibat,40,30,35,45,40,55,Flying,"['Flying', 'Dragon']",1
noivern,85,70,80,97,80,123,Flying,"['Flying', 'Dragon']",2
xerneas,126,131,95,131,98,99,Fairy,['Fairy'],1
yveltal,126,131,95,131,98,99,Flying,"['Flying', 'Dark']",1
zygarde,108,100,121,81,95,95,Ground,"['Ground', 'Dragon']",1
diancie,50,100,150,100,150,50,Fairy,"['Fairy', 'Rock']",1
hoopa,80,110,60,150,130,70,Dark,"['Dark', 'Ghost', 'Psychic']",1
volcanion,80,110,120,130,90,70,Fire,"['Fire', 'Water']",1
rowlet,68,55,55,50,50,42,Grass,"['Grass', 'Flying']",1
dartrix,78,75,75,70,70,52,Grass,"['Grass', 'Flying']",2
decidueye,78,107,75,100,100,70,Grass,"['Grass', 'Ghost']",3
litten,45,65,40,60,40,70,Fire,['Fire'],1
torracat,65,85,50,80,50,90,Fire,['Fire'],2
incineroar,95,115,90,80,90,60,Fire,"['Fire', 'Dark']",3
popplio,50,54,54,66,56,40,Water,['Water'],1
brionne,60,69,69,91,81,50,Water,['Water'],2
primarina,80,74,74,126,116,60,Fairy,"['Fairy', 'Water']",3
pikipek,35,75,30,30,30,65,Normal,"['Normal', 'Flying']",1
trumbeak,55,85,50,40,50,75,Normal,"['Normal', 'Flying']",2
toucannon,80,120,75,75,75,60,Normal,"['Normal', 'Flying']",3
yungoos,48,70,30,30,30,45,Normal,['Normal'],1
gumshoos,88,110,60,55,60,45,Normal,['Normal'],2
grubbin,47,62,45,55,45,46,Bug,['Bug'],1
charjabug,57,82,95,55,75,36,Electric,"['Electric', 'Bug']",2
vikavolt,77,70,90,145,75,43,Electric,"['Electric', 'Bug']",3
crabrawler,47,82,57,42,47,63,Fighting,['Fighting'],1
crabominable,97,132,77,62,67,43,Fighting,"['Fighting', 'Ice']",2
oricorio,75,70,70,98,70,93,Fire,"['Fire', 'Psychic', 'Flying', 'Electric', 'Ghost']",1
cutiefly,40,45,40,55,40,84,Fairy,"['Fairy', 'Bug']",1
ribombee,60,55,60,95,70,124,Fairy,"['Fairy', 'Bug']",2
rockruff,45,65,40,30,40,60,Rock,['Rock'],1
lycanroc,75,115,65,55,65,112,Rock,['Rock'],2
wishiwashi,45,20,20,25,25,40,Water,['Water'],1
mareanie,50,53,62,43,52,45,Water,"['Water', 'Poison']",1
toxapex,50,63,152,53,142,35,Water,"['Water', 'Poison']",2
mudbray,70,100,70,45,55,45,Ground,['Ground'],1
mudsdale,100,125,100,55,85,35,Ground,['Ground'],2
dewpider,38,40,52,40,72,27,Bug,"['Bug', 'Water']",1
araquanid,68,70,92,50,132,42,Bug,"['Bug', 'Water']",2
fomantis,40,55,35,50,35,35,Grass,['Grass'],1
lurantis,70,105,90,80,90,45,Grass,['Grass'],2
morelull,40,35,55,65,75,15,Grass,"['Grass', 'Fairy']",1
shiinotic,60,45,80,90,100,30,Grass,"['Grass', 'Fairy']",2
salandit,48,44,40,71,40,77,Fire,"['Fire', 'Poison']",1
salazzle,68,64,60,111,60,117,Fire,"['Fire', 'Poison']",2
stufful,70,75,50,45,50,50,Normal,"['Normal', 'Fighting']",1
bewear,120,125,80,55,60,60,Normal,"['Normal', 'Fighting']",2
bounsweet,42,30,38,30,38,32,Grass,['Grass'],1
steenee,52,40,48,40,48,62,Grass,['Grass'],2
tsareena,72,120,98,50,98,72,Grass,['Grass'],3
comfey,51,52,90,82,110,100,Fairy,['Fairy'],1
oranguru,90,60,80,90,110,60,Normal,"['Normal', 'Psychic']",1
passimian,100,120,90,40,60,80,Fighting,['Fighting'],1
wimpod,25,35,40,20,30,80,Bug,"['Bug', 'Water']",1
golisopod,75,125,140,60,90,40,Bug,"['Bug', 'Water']",2
sandygast,55,55,80,70,45,15,Ground,"['Ground', 'Ghost']",1
palossand,85,75,110,100,75,35,Ground,"['Ground', 'Ghost']",2
pyukumuku,55,60,130,30,130,5,Water,['Water'],1
type-null,95,95,95,95,95,59,Normal,['Normal'],1
silvally,95,95,95,95,95,95,Normal,['Normal'],2
minior,60,60,100,60,100,60,Flying,"['Flying', 'Rock']",1
komala,65,115,65,75,95,65,Normal,['Normal'],1
turtonator,60,78,135,91,85,36,Fire,"['Fire', 'Dragon']",1
togedemaru,65,98,63,40,73,96,Steel,"['Steel', 'Electric']",1
mimikyu,55,90,80,50,105,96,Fairy,"['Fairy', 'Ghost']",1
bruxish,68,105,70,70,70,92,Water,"['Water', 'Psychic']",1
drampa,78,60,85,135,91,36,Normal,"['Normal', 'Dragon']",1
dhelmise,70,131,100,86,90,40,Grass,"['Grass', 'Ghost']",1
jangmo-o,45,55,65,45,45,45,Dragon,['Dragon'],1
hakamo-o,55,75,90,65,70,65,Fighting,"['Fighting', 'Dragon']",2
kommo-o,75,110,125,100,105,85,Fighting,"['Fighting', 'Dragon']",3
tapu-koko,70,115,85,95,75,130,Fairy,"['Fairy', 'Electric']",1
tapu-lele,70,85,75,130,115,95,Fairy,"['Fairy', 'Psychic']",1
tapu-bulu,70,130,115,85,95,75,Grass,"['Grass', 'Fairy']",1
tapu-fini,70,75,115,95,130,85,Fairy,"['Fairy', 'Water']",1
cosmog,43,29,31,29,31,37,Psychic,['Psychic'],1
cosmoem,43,29,131,29,131,37,Psychic,['Psychic'],2
solgaleo,137,137,107,113,89,97,Steel,"['Steel', 'Psychic']",3
lunala,137,113,89,137,107,97,Ghost,"['Ghost', 'Psychic']",4
nihilego,109,53,47,127,131,103,Rock,"['Rock', 'Poison']",1
buzzwole,107,139,139,53,53,79,Fighting,"['Fighting', 'Bug']",1
pheromosa,71,137,37,137,37,151,Fighting,"['Fighting', 'Bug']",1
xurkitree,83,89,71,173,71,83,Electric,['Electric'],1
celesteela,97,101,103,107,101,61,Flying,"['Flying', 'Steel']",1
kartana,59,181,131,59,31,109,Grass,"['Grass', 'Steel']",1
guzzlord,223,101,53,97,53,43,Dragon,"['Dragon', 'Dark']",1
necrozma,97,107,101,127,89,79,Steel,"['Steel', 'Dragon', 'Ghost', 'Psychic']",1
magearna,80,95,115,130,115,65,Fairy,"['Fairy', 'Steel']",1
marshadow,90,125,80,90,90,125,Fighting,"['Fighting', 'Ghost']",1
poipole,67,73,67,73,67,73,Poison,['Poison'],1
naganadel,73,73,73,127,73,121,Dragon,"['Dragon', 'Poison']",2
stakataka,61,131,211,53,101,13,Steel,"['Steel', 'Rock']",1
blacephalon,53,127,53,151,79,107,Fire,"['Fire', 'Ghost']",1
zeraora,88,112,75,102,80,143,Electric,['Electric'],1
